Placa,Data de Utilizacao,Valor Cobrado,Endereco do Estabelecimento,Nome do Estabelecimento
BQU4D69,01/08/2024,"10,3","SP 300, 137.722, OESTE, PORTO FELIZ - SP",RODOVIAS DAS COLINAS S.A
GIY1B04,01/08/2024,9,"SP 075, 12.5, SUL, ITU - SP",CONCESSIONARIA DE RODOVIAS DO OESTE DE SAO PAULO VIAOESTE S.A
FLL4673,01/08/2024,"10,3","SP 300, 137.722, OESTE, PORTO FELIZ - SP",RODOVIAS DAS COLINAS S.A
DWH6543,01/08/2024,"12,9","SP 280, 111.3, LESTE, BOITUVA - SP",RODOVIAS DAS COLINAS S.A
QUA2G54,01/08/2024,9,"SP 075, 12.5, SUL, ITU - SP",CONCESSIONARIA DE RODOVIAS DO OESTE DE SAO PAULO VIAOESTE S.A
GIA7B06,01/08/2024,9,"SP 075, 12.5, SUL, ITU - SP",CONCESSIONARIA DE RODOVIAS DO OESTE DE SAO PAULO VIAOESTE S.A
ERF3783,01/08/2024,"15,8","SP 280, 74.0, LESTE, ITU - SP",CONCESSIONARIA DE RODOVIAS DO OESTE DE SAO PAULO VIAOESTE S.A
PXD7G42,01/08/2024,"10,3","SP 300, 137.722, OESTE, PORTO FELIZ - SP",RODOVIAS DAS COLINAS S.A
FLL4673,02/08/2024,"10,3","SP 300, 137.722, OESTE, PORTO FELIZ - SP",RODOVIAS DAS COLINAS S.A
GIY1B04,02/08/2024,"15,8","SP 280, 74.0, LESTE, ITU - SP",CONCESSIONARIA DE RODOVIAS DO OESTE DE SAO PAULO VIAOESTE S.A
GIA7B06,02/08/2024,9,"SP 075, 12.5, SUL, ITU - SP",CONCESSIONARIA DE RODOVIAS DO OESTE DE SAO PAULO VIAOESTE S.A
PXD7G42,02/08/2024,"10,3","SP 300, 137.722, OESTE, PORTO FELIZ - SP",RODOVIAS DAS COLINAS S.A
EIB4306,02/08/2024,"12,9","SP 280, 111.3, LESTE, BOITUVA - SP",RODOVIAS DAS COLINAS S.A
GFB8C62,02/08/2024,15,"SP 127, 133.9, SUL, ITAPETININGA - SP",RODOVIAS INTEGRADAS DO OESTE S.A
EIB4306,02/08/2024,"10,3","SP 300, 137.722, OESTE, PORTO FELIZ - SP",RODOVIAS DAS COLINAS S.A
QUA2G54,02/08/2024,9,"SP 075, 12.5, SUL, ITU - SP",CONCESSIONARIA DE RODOVIAS DO OESTE DE SAO PAULO VIAOESTE S.A
GFB8C62,02/08/2024,15,"SP 127, 128.9, NORTE, TATUI - SP",RODOVIAS INTEGRADAS DO OESTE S.A
QUA2G54,03/08/2024,9,"SP 075, 12.5, SUL, ITU - SP",CONCESSIONARIA DE RODOVIAS DO OESTE DE SAO PAULO VIAOESTE S.A
GIG7685,03/08/2024,"10,3","SP 300, 137.722, OESTE, PORTO FELIZ - SP",RODOVIAS DAS COLINAS S.A
FLL4673,03/08/2024,"10,3","SP 300, 137.722, OESTE, PORTO FELIZ - SP",RODOVIAS DAS COLINAS S.A
GIY1B04,03/08/2024,9,"SP 075, 12.5, SUL, ITU - SP",CONCESSIONARIA DE RODOVIAS DO OESTE DE SAO PAULO VIAOESTE S.A
,04/08/2024,"378,1",Referente a 08/2024,
GIY1B04,05/08/2024,9,"SP 075, 12.5, SUL, ITU - SP",CONCESSIONARIA DE RODOVIAS DO OESTE DE SAO PAULO VIAOESTE S.A
DWH6543,05/08/2024,"10,3","SP 300, 137.722, OESTE, PORTO FELIZ - SP",RODOVIAS DAS COLINAS S.A
FLL4673,05/08/2024,"10,3","SP 300, 137.722, OESTE, PORTO FELIZ - SP",RODOVIAS DAS COLINAS S.A
PXD7G42,05/08/2024,"10,3","SP 300, 137.722, OESTE, PORTO FELIZ - SP",RODOVIAS DAS COLINAS S.A
344362,05/08/2024,1000,Automatica-CARTAO_DE_CREDITO,
GIA7B06,05/08/2024,9,"SP 075, 12.5, SUL, ITU - SP",CONCESSIONARIA DE RODOVIAS DO OESTE DE SAO PAULO VIAOESTE S.A
QUA2G54,05/08/2024,9,"SP 075, 12.5, SUL, ITU - SP",CONCESSIONARIA DE RODOVIAS DO OESTE DE SAO PAULO VIAOESTE S.A
QUA2G54,06/08/2024,9,"SP 075, 12.5, SUL, ITU - SP",CONCESSIONARIA DE RODOVIAS DO OESTE DE SAO PAULO VIAOESTE S.A
DWH6543,06/08/2024,"10,3","SP 300, 137.722, OESTE, PORTO FELIZ - SP",RODOVIAS DAS COLINAS S.A
GIA7B06,06/08/2024,9,"SP 075, 12.5, SUL, ITU - SP",CONCESSIONARIA DE RODOVIAS DO OESTE DE SAO PAULO VIAOESTE S.A
PXD7G42,06/08/2024,"10,3","SP 300, 137.722, OESTE, PORTO FELIZ - SP",RODOVIAS DAS COLINAS S.A
FLL4673,06/08/2024,"10,3","SP 300, 137.722, OESTE, PORTO FELIZ - SP",RODOVIAS DAS COLINAS S.A
GIY1B04,06/08/2024,9,"SP 075, 12.5, SUL, ITU - SP",CONCESSIONARIA DE RODOVIAS DO OESTE DE SAO PAULO VIAOESTE S.A
GIY1B04,07/08/2024,9,"SP 075, 12.5, SUL, ITU - SP",CONCESSIONARIA DE RODOVIAS DO OESTE DE SAO PAULO VIAOESTE S.A
FLL4673,07/08/2024,"10,3","SP 300, 137.722, OESTE, PORTO FELIZ - SP",RODOVIAS DAS COLINAS S.A
QUA2G54,07/08/2024,9,"SP 075, 12.5, SUL, ITU - SP",CONCESSIONARIA DE RODOVIAS DO OESTE DE SAO PAULO VIAOESTE S.A
GIY1B04,07/08/2024,"15,8","SP 280, 74.0, LESTE, ITU - SP",CONCESSIONARIA DE RODOVIAS DO OESTE DE SAO PAULO VIAOESTE S.A
GIA7B06,07/08/2024,9,"SP 075, 12.5, SUL, ITU - SP",CONCESSIONARIA DE RODOVIAS DO OESTE DE SAO PAULO VIAOESTE S.A
PXD7G42,07/08/2024,"10,3","SP 300, 137.722, OESTE, PORTO FELIZ - SP",RODOVIAS DAS COLINAS S.A
BQU4D69,08/08/2024,"10,3","SP 300, 137.722, OESTE, PORTO FELIZ - SP",RODOVIAS DAS COLINAS S.A
GIY1B04,08/08/2024,9,"SP 075, 12.5, SUL, ITU - SP",CONCESSIONARIA DE RODOVIAS DO OESTE DE SAO PAULO VIAOESTE S.A
BQU4D69,08/08/2024,"12,9","SP 280, 111.3, LESTE, BOITUVA - SP",RODOVIAS DAS COLINAS S.A
DWH6543,08/08/2024,"10,3","SP 300, 137.722, OESTE, PORTO FELIZ - SP",RODOVIAS DAS COLINAS S.A
GIY1B04,08/08/2024,"15,8","SP 280, 74.0, LESTE, ITU - SP",CONCESSIONARIA DE RODOVIAS DO OESTE DE SAO PAULO VIAOESTE S.A
GIA7B06,08/08/2024,9,"SP 075, 12.5, SUL, ITU - SP",CONCESSIONARIA DE RODOVIAS DO OESTE DE SAO PAULO VIAOESTE S.A
QUA2G54,08/08/2024,9,"SP 075, 12.5, SUL, ITU - SP",CONCESSIONARIA DE RODOVIAS DO OESTE DE SAO PAULO VIAOESTE S.A
FLL4673,08/08/2024,"10,3","SP 300, 137.722, OESTE, PORTO FELIZ - SP",RODOVIAS DAS COLINAS S.A
FEA0472,08/08/2024,"10,3","SP 300, 137.722, OESTE, PORTO FELIZ - SP",RODOVIAS DAS COLINAS S.A
FEA0472,08/08/2024,"12,9","SP 280, 111.3, LESTE, BOITUVA - SP",RODOVIAS DAS COLINAS S.A
QUA2G54,09/08/2024,9,"SP 075, 12.5, SUL, ITU - SP",CONCESSIONARIA DE RODOVIAS DO OESTE DE SAO PAULO VIAOESTE S.A
FLL4673,09/08/2024,"9,2","SP 300 - RODOVIA MARECHAL RONDON, 192.1, OESTE, CONCHAS - SP",CONCESSIONARIA RODOVIAS DO TIETE S.A
FLL4673,09/08/2024,"9,2","SP 300 - RODOVIA MARECHAL RONDON, 192.1, LESTE, CONCHAS - SP",CONCESSIONARIA RODOVIAS DO TIETE S.A
FLL4673,09/08/2024,"10,3","SP 300, 137.722, OESTE, PORTO FELIZ - SP",RODOVIAS DAS COLINAS S.A
GIA7B06,09/08/2024,9,"SP 075, 12.5, SUL, ITU - SP",CONCESSIONARIA DE RODOVIAS DO OESTE DE SAO PAULO VIAOESTE S.A
BQU4D69,09/08/2024,"12,9","SP 280, 111.3, LESTE, BOITUVA - SP",RODOVIAS DAS COLINAS S.A
BQU4D69,09/08/2024,"10,3","SP 300, 137.722, OESTE, PORTO FELIZ - SP",RODOVIAS DAS COLINAS S.A
GIY1B04,09/08/2024,9,"SP 075, 12.5, SUL, ITU - SP",CONCESSIONARIA DE RODOVIAS DO OESTE DE SAO PAULO VIAOESTE S.A
GIG7685,10/08/2024,"10,3","SP 300, 137.722, OESTE, PORTO FELIZ - SP",RODOVIAS DAS COLINAS S.A
GIY1B04,12/08/2024,9,"SP 075, 12.5, SUL, ITU - SP",CONCESSIONARIA DE RODOVIAS DO OESTE DE SAO PAULO VIAOESTE S.A
FLL4673,12/08/2024,"10,3","SP 300, 137.722, OESTE, PORTO FELIZ - SP",RODOVIAS DAS COLINAS S.A
QUA2G54,12/08/2024,9,"SP 075, 12.5, SUL, ITU - SP",CONCESSIONARIA DE RODOVIAS DO OESTE DE SAO PAULO VIAOESTE S.A
BQU4D69,12/08/2024,"12,9","SP 280, 111.3, LESTE, BOITUVA - SP",RODOVIAS DAS COLINAS S.A
GIA7B06,12/08/2024,9,"SP 075, 12.5, SUL, ITU - SP",CONCESSIONARIA DE RODOVIAS DO OESTE DE SAO PAULO VIAOESTE S.A
BQU4D69,12/08/2024,"10,3","SP 300, 137.722, OESTE, PORTO FELIZ - SP",RODOVIAS DAS COLINAS S.A
GIY1B04,13/08/2024,9,"SP 075, 12.5, SUL, ITU - SP",CONCESSIONARIA DE RODOVIAS DO OESTE DE SAO PAULO VIAOESTE S.A
FLL4673,13/08/2024,"10,3","SP 300, 137.722, OESTE, PORTO FELIZ - SP",RODOVIAS DAS COLINAS S.A
BQU4D69,13/08/2024,"12,9","SP 280, 111.3, LESTE, BOITUVA - SP",RODOVIAS DAS COLINAS S.A
BQU4D69,13/08/2024,"10,3","SP 300, 137.722, OESTE, PORTO FELIZ - SP",RODOVIAS DAS COLINAS S.A
GIA7B06,13/08/2024,9,"SP 075, 12.5, SUL, ITU - SP",CONCESSIONARIA DE RODOVIAS DO OESTE DE SAO PAULO VIAOESTE S.A
DWH6543,13/08/2024,"10,3","SP 300, 137.722, OESTE, PORTO FELIZ - SP",RODOVIAS DAS COLINAS S.A
PWS9889,13/08/2024,"5,3","SP 270, 111.0, OESTE, ARACOIABA DA SERRA - SP",CONCESSIONARIA DE RODOVIAS DO OESTE DE SAO PAULO VIAOESTE S.A
QUA2G54,13/08/2024,9,"SP 075, 12.5, SUL, ITU - SP",CONCESSIONARIA DE RODOVIAS DO OESTE DE SAO PAULO VIAOESTE S.A
GIY1B04,13/08/2024,"15,8","SP 280, 74.0, LESTE, ITU - SP",CONCESSIONARIA DE RODOVIAS DO OESTE DE SAO PAULO VIAOESTE S.A
DWH6543,14/08/2024,"10,3","SP 300, 137.722, OESTE, PORTO FELIZ - SP",RODOVIAS DAS COLINAS S.A
FLL4673,14/08/2024,"10,3","SP 300, 137.722, OESTE, PORTO FELIZ - SP",RODOVIAS DAS COLINAS S.A
BQU4D69,14/08/2024,"10,3","SP 300, 137.722, OESTE, PORTO FELIZ - SP",RODOVIAS DAS COLINAS S.A
GIY1B04,14/08/2024,9,"SP 075, 12.5, SUL, ITU - SP",CONCESSIONARIA DE RODOVIAS DO OESTE DE SAO PAULO VIAOESTE S.A
GIA7B06,14/08/2024,9,"SP 075, 12.5, SUL, ITU - SP",CONCESSIONARIA DE RODOVIAS DO OESTE DE SAO PAULO VIAOESTE S.A
EIB4306,14/08/2024,9,"SP 075, 12.5, SUL, ITU - SP",CONCESSIONARIA DE RODOVIAS DO OESTE DE SAO PAULO VIAOESTE S.A
105262,14/08/2024,1000,Automatica-CARTAO_DE_CREDITO,
QUA2G54,14/08/2024,9,"SP 075, 12.5, SUL, ITU - SP",CONCESSIONARIA DE RODOVIAS DO OESTE DE SAO PAULO VIAOESTE S.A
BQU4D69,14/08/2024,"12,9","SP 280, 111.3, LESTE, BOITUVA - SP",RODOVIAS DAS COLINAS S.A
BQU4D69,15/08/2024,"12,9","SP 280, 111.3, LESTE, BOITUVA - SP",RODOVIAS DAS COLINAS S.A
ERF3783,15/08/2024,"15,8","SP 280, 74.0, LESTE, ITU - SP",CONCESSIONARIA DE RODOVIAS DO OESTE DE SAO PAULO VIAOESTE S.A
DFJ9195,15/08/2024,9,"SP 075, 12.5, SUL, ITU - SP",CONCESSIONARIA DE RODOVIAS DO OESTE DE SAO PAULO VIAOESTE S.A
BQU4D69,15/08/2024,"10,3","SP 300, 137.722, OESTE, PORTO FELIZ - SP",RODOVIAS DAS COLINAS S.A
FLL4673,15/08/2024,"10,3","SP 300, 137.722, OESTE, PORTO FELIZ - SP",RODOVIAS DAS COLINAS S.A
GIY1B04,15/08/2024,9,"SP 075, 12.5, SUL, ITU - SP",CONCESSIONARIA DE RODOVIAS DO OESTE DE SAO PAULO VIAOESTE S.A
DWH6543,15/08/2024,"10,3","SP 300, 137.722, OESTE, PORTO FELIZ - SP",RODOVIAS DAS COLINAS S.A
QUA2G54,16/08/2024,9,"SP 075, 12.5, SUL, ITU - SP",CONCESSIONARIA DE RODOVIAS DO OESTE DE SAO PAULO VIAOESTE S.A
GFQ2C31,16/08/2024,9,"SP 075, 12.5, SUL, ITU - SP",CONCESSIONARIA DE RODOVIAS DO OESTE DE SAO PAULO VIAOESTE S.A
BQU4D69,16/08/2024,"12,9","SP 280, 111.3, LESTE, BOITUVA - SP",RODOVIAS DAS COLINAS S.A
FLL4673,16/08/2024,"10,3","SP 300, 137.722, OESTE, PORTO FELIZ - SP",RODOVIAS DAS COLINAS S.A
BQU4D69,16/08/2024,"10,3","SP 300, 137.722, OESTE, PORTO FELIZ - SP",RODOVIAS DAS COLINAS S.A
GIY1B04,16/08/2024,9,"SP 075, 12.5, SUL, ITU - SP",CONCESSIONARIA DE RODOVIAS DO OESTE DE SAO PAULO VIAOESTE S.A
GIY1B04,17/08/2024,9,"SP 075, 12.5, SUL, ITU - SP",CONCESSIONARIA DE RODOVIAS DO OESTE DE SAO PAULO VIAOESTE S.A
FLL4673,17/08/2024,"10,3","SP 300, 137.722, OESTE, PORTO FELIZ - SP",RODOVIAS DAS COLINAS S.A
QUA2G54,17/08/2024,9,"SP 075, 12.5, SUL, ITU - SP",CONCESSIONARIA DE RODOVIAS DO OESTE DE SAO PAULO VIAOESTE S.A
GIG7685,17/08/2024,"10,3","SP 300, 137.722, OESTE, PORTO FELIZ - SP",RODOVIAS DAS COLINAS S.A
GIG7685,17/08/2024,"12,9","SP 280, 111.3, LESTE, BOITUVA - SP",RODOVIAS DAS COLINAS S.A
QUA2G54,19/08/2024,9,"SP 075, 12.5, SUL, ITU - SP",CONCESSIONARIA DE RODOVIAS DO OESTE DE SAO PAULO VIAOESTE S.A
GIA7B06,19/08/2024,9,"SP 075, 12.5, SUL, ITU - SP",CONCESSIONARIA DE RODOVIAS DO OESTE DE SAO PAULO VIAOESTE S.A
BQU4D69,19/08/2024,"12,9","SP 280, 111.3, LESTE, BOITUVA - SP",RODOVIAS DAS COLINAS S.A
GIY1B04,19/08/2024,"15,8","SP 280, 74.0, LESTE, ITU - SP",CONCESSIONARIA DE RODOVIAS DO OESTE DE SAO PAULO VIAOESTE S.A
BQU4D69,19/08/2024,"10,3","SP 300, 137.722, OESTE, PORTO FELIZ - SP",RODOVIAS DAS COLINAS S.A
FLL4673,19/08/2024,"10,3","SP 300, 137.722, OESTE, PORTO FELIZ - SP",RODOVIAS DAS COLINAS S.A
GIY1B04,19/08/2024,9,"SP 075, 12.5, SUL, ITU - SP",CONCESSIONARIA DE RODOVIAS DO OESTE DE SAO PAULO VIAOESTE S.A
DWH6543,20/08/2024,"10,3","SP 300, 137.722, OESTE, PORTO FELIZ - SP",RODOVIAS DAS COLINAS S.A
FLL4673,20/08/2024,"10,3","SP 300, 137.722, OESTE, PORTO FELIZ - SP",RODOVIAS DAS COLINAS S.A
BQU4D69,20/08/2024,"10,3","SP 300, 137.722, OESTE, PORTO FELIZ - SP",RODOVIAS DAS COLINAS S.A
EIB4306,20/08/2024,9,"SP 075, 12.5, SUL, ITU - SP",CONCESSIONARIA DE RODOVIAS DO OESTE DE SAO PAULO VIAOESTE S.A
BQU4D69,20/08/2024,"12,9","SP 280, 111.3, LESTE, BOITUVA - SP",RODOVIAS DAS COLINAS S.A
GIA7B06,20/08/2024,9,"SP 075, 12.5, SUL, ITU - SP",CONCESSIONARIA DE RODOVIAS DO OESTE DE SAO PAULO VIAOESTE S.A
QUA2G54,20/08/2024,9,"SP 075, 12.5, SUL, ITU - SP",CONCESSIONARIA DE RODOVIAS DO OESTE DE SAO PAULO VIAOESTE S.A
GIY1B04,20/08/2024,"15,8","SP 280, 74.0, LESTE, ITU - SP",CONCESSIONARIA DE RODOVIAS DO OESTE DE SAO PAULO VIAOESTE S.A
FLL4673,21/08/2024,"10,3","SP 300, 137.722, OESTE, PORTO FELIZ - SP",RODOVIAS DAS COLINAS S.A
BQU4D69,21/08/2024,"10,3","SP 300, 137.722, OESTE, PORTO FELIZ - SP",RODOVIAS DAS COLINAS S.A
BQU4D69,21/08/2024,"12,9","SP 280, 111.3, LESTE, BOITUVA - SP",RODOVIAS DAS COLINAS S.A
ERF3783,21/08/2024,9,"SP 075, 12.5, SUL, ITU - SP",CONCESSIONARIA DE RODOVIAS DO OESTE DE SAO PAULO VIAOESTE S.A
GIA7B06,21/08/2024,9,"SP 075, 12.5, SUL, ITU - SP",CONCESSIONARIA DE RODOVIAS DO OESTE DE SAO PAULO VIAOESTE S.A
QUA2G54,21/08/2024,9,"SP 075, 12.5, SUL, ITU - SP",CONCESSIONARIA DE RODOVIAS DO OESTE DE SAO PAULO VIAOESTE S.A
GIY1B04,21/08/2024,"15,8","SP 280, 74.0, LESTE, ITU - SP",CONCESSIONARIA DE RODOVIAS DO OESTE DE SAO PAULO VIAOESTE S.A
989279,21/08/2024,1000,Automatica-CARTAO_DE_CREDITO,
QUA2G54,22/08/2024,9,"SP 075, 12.5, SUL, ITU - SP",CONCESSIONARIA DE RODOVIAS DO OESTE DE SAO PAULO VIAOESTE S.A
DWH6543,22/08/2024,"10,3","SP 300, 137.722, OESTE, PORTO FELIZ - SP",RODOVIAS DAS COLINAS S.A
FLL4673,22/08/2024,"10,3","SP 300, 137.722, OESTE, PORTO FELIZ - SP",RODOVIAS DAS COLINAS S.A
GIY1B04,22/08/2024,9,"SP 075, 12.5, SUL, ITU - SP",CONCESSIONARIA DE RODOVIAS DO OESTE DE SAO PAULO VIAOESTE S.A
BQU4D69,22/08/2024,"12,9","SP 280, 111.3, LESTE, BOITUVA - SP",RODOVIAS DAS COLINAS S.A
GIY1B04,22/08/2024,"15,8","SP 280, 74.0, LESTE, ITU - SP",CONCESSIONARIA DE RODOVIAS DO OESTE DE SAO PAULO VIAOESTE S.A
GIA7B06,22/08/2024,9,"SP 075, 12.5, SUL, ITU - SP",CONCESSIONARIA DE RODOVIAS DO OESTE DE SAO PAULO VIAOESTE S.A
BQU4D69,22/08/2024,"10,3","SP 300, 137.722, OESTE, PORTO FELIZ - SP",RODOVIAS DAS COLINAS S.A
GIY1B04,23/08/2024,9,"SP 075, 12.5, SUL, ITU - SP",CONCESSIONARIA DE RODOVIAS DO OESTE DE SAO PAULO VIAOESTE S.A
QUA2G54,23/08/2024,9,"SP 075, 12.5, SUL, ITU - SP",CONCESSIONARIA DE RODOVIAS DO OESTE DE SAO PAULO VIAOESTE S.A
GFB8C62,23/08/2024,15,"SP 127, 133.9, SUL, ITAPETININGA - SP",RODOVIAS INTEGRADAS DO OESTE S.A
GFB8C62,23/08/2024,15,"SP 127, 128.9, NORTE, TATUI - SP",RODOVIAS INTEGRADAS DO OESTE S.A
GIA7B06,23/08/2024,9,"SP 075, 12.5, SUL, ITU - SP",CONCESSIONARIA DE RODOVIAS DO OESTE DE SAO PAULO VIAOESTE S.A
BQU4D69,23/08/2024,"12,9","SP 280, 111.3, LESTE, BOITUVA - SP",RODOVIAS DAS COLINAS S.A
DFJ9195,23/08/2024,9,"SP 075, 12.5, SUL, ITU - SP",CONCESSIONARIA DE RODOVIAS DO OESTE DE SAO PAULO VIAOESTE S.A
BQU4D69,23/08/2024,"10,3","SP 300, 137.722, OESTE, PORTO FELIZ - SP",RODOVIAS DAS COLINAS S.A
FLL4673,23/08/2024,"10,3","SP 300, 137.722, OESTE, PORTO FELIZ - SP",RODOVIAS DAS COLINAS S.A
GIY1B04,23/08/2024,"15,8","SP 280, 74.0, LESTE, ITU - SP",CONCESSIONARIA DE RODOVIAS DO OESTE DE SAO PAULO VIAOESTE S.A
GIG7685,24/08/2024,"12,9","SP 280, 111.3, LESTE, BOITUVA - SP",RODOVIAS DAS COLINAS S.A
QUA2G54,24/08/2024,9,"SP 075, 12.5, SUL, ITU - SP",CONCESSIONARIA DE RODOVIAS DO OESTE DE SAO PAULO VIAOESTE S.A
QUA2G54,26/08/2024,9,"SP 075, 12.5, SUL, ITU - SP",CONCESSIONARIA DE RODOVIAS DO OESTE DE SAO PAULO VIAOESTE S.A
FLL4673,26/08/2024,"10,3","SP 300, 137.722, OESTE, PORTO FELIZ - SP",RODOVIAS DAS COLINAS S.A
GIA7B06,26/08/2024,9,"SP 075, 12.5, SUL, ITU - SP",CONCESSIONARIA DE RODOVIAS DO OESTE DE SAO PAULO VIAOESTE S.A
DWH6543,26/08/2024,"10,3","SP 300, 137.722, OESTE, PORTO FELIZ - SP",RODOVIAS DAS COLINAS S.A
BQU4D69,26/08/2024,"12,9","SP 280, 111.3, LESTE, BOITUVA - SP",RODOVIAS DAS COLINAS S.A
GIY1B04,26/08/2024,"15,8","SP 280, 74.0, LESTE, ITU - SP",CONCESSIONARIA DE RODOVIAS DO OESTE DE SAO PAULO VIAOESTE S.A
DFJ9195,26/08/2024,9,"SP 075, 12.5, SUL, ITU - SP",CONCESSIONARIA DE RODOVIAS DO OESTE DE SAO PAULO VIAOESTE S.A
BQU4D69,26/08/2024,"10,3","SP 300, 137.722, OESTE, PORTO FELIZ - SP",RODOVIAS DAS COLINAS S.A
GIY1B04,26/08/2024,9,"SP 075, 12.5, SUL, ITU - SP",CONCESSIONARIA DE RODOVIAS DO OESTE DE SAO PAULO VIAOESTE S.A
BQU4D69,27/08/2024,"10,3","SP 300, 137.722, OESTE, PORTO FELIZ - SP",RODOVIAS DAS COLINAS S.A
GIY1B04,27/08/2024,9,"SP 075, 12.5, SUL, ITU - SP",CONCESSIONARIA DE RODOVIAS DO OESTE DE SAO PAULO VIAOESTE S.A
FLL4673,27/08/2024,"10,3","SP 300, 137.722, OESTE, PORTO FELIZ - SP",RODOVIAS DAS COLINAS S.A
PXD7G42,27/08/2024,"10,3","SP 300, 137.722, OESTE, PORTO FELIZ - SP",RODOVIAS DAS COLINAS S.A
DFJ9195,27/08/2024,9,"SP 075, 12.5, SUL, ITU - SP",CONCESSIONARIA DE RODOVIAS DO OESTE DE SAO PAULO VIAOESTE S.A
FEA0472,27/08/2024,"10,3","SP 300, 137.722, OESTE, PORTO FELIZ - SP",RODOVIAS DAS COLINAS S.A
GIY1B04,27/08/2024,"15,8","SP 280, 74.0, LESTE, ITU - SP",CONCESSIONARIA DE RODOVIAS DO OESTE DE SAO PAULO VIAOESTE S.A
FEA0472,27/08/2024,"12,9","SP 280, 111.3, LESTE, BOITUVA - SP",RODOVIAS DAS COLINAS S.A
FEA0472,27/08/2024,"12,9","SP 280, 110.4, OESTE, BOITUVA - SP",RODOVIAS DAS COLINAS S.A
QUA2G54,27/08/2024,9,"SP 075, 12.5, SUL, ITU - SP",CONCESSIONARIA DE RODOVIAS DO OESTE DE SAO PAULO VIAOESTE S.A
GIA7B06,27/08/2024,9,"SP 075, 12.5, SUL, ITU - SP",CONCESSIONARIA DE RODOVIAS DO OESTE DE SAO PAULO VIAOESTE S.A
GIY1B04,28/08/2024,9,"SP 075, 12.5, SUL, ITU - SP",CONCESSIONARIA DE RODOVIAS DO OESTE DE SAO PAULO VIAOESTE S.A
FLL4673,28/08/2024,"10,3","SP 300, 137.722, OESTE, PORTO FELIZ - SP",RODOVIAS DAS COLINAS S.A
PXD7G42,28/08/2024,"10,3","SP 300, 137.722, OESTE, PORTO FELIZ - SP",RODOVIAS DAS COLINAS S.A
DFJ9195,28/08/2024,9,"SP 075, 12.5, SUL, ITU - SP",CONCESSIONARIA DE RODOVIAS DO OESTE DE SAO PAULO VIAOESTE S.A
GIY1B04,28/08/2024,"15,8","SP 280, 74.0, LESTE, ITU - SP",CONCESSIONARIA DE RODOVIAS DO OESTE DE SAO PAULO VIAOESTE S.A
GIA7B06,28/08/2024,9,"SP 075, 12.5, SUL, ITU - SP",CONCESSIONARIA DE RODOVIAS DO OESTE DE SAO PAULO VIAOESTE S.A
ERF3783,28/08/2024,"15,8","SP 280, 74.0, LESTE, ITU - SP",CONCESSIONARIA DE RODOVIAS DO OESTE DE SAO PAULO VIAOESTE S.A
QUA2G54,28/08/2024,9,"SP 075, 12.5, SUL, ITU - SP",CONCESSIONARIA DE RODOVIAS DO OESTE DE SAO PAULO VIAOESTE S.A
295430,28/08/2024,1000,Automatica-CARTAO_DE_CREDITO,
GIY1B04,29/08/2024,9,"SP 075, 12.5, SUL, ITU - SP",CONCESSIONARIA DE RODOVIAS DO OESTE DE SAO PAULO VIAOESTE S.A
BQU4D69,29/08/2024,"10,3","SP 300, 137.722, OESTE, PORTO FELIZ - SP",RODOVIAS DAS COLINAS S.A
PXD7G42,29/08/2024,"10,3","SP 300, 137.722, OESTE, PORTO FELIZ - SP",RODOVIAS DAS COLINAS S.A
FLL4673,29/08/2024,"10,3","SP 300, 137.722, OESTE, PORTO FELIZ - SP",RODOVIAS DAS COLINAS S.A
GIY1B04,29/08/2024,"15,8","SP 280, 74.0, LESTE, ITU - SP",CONCESSIONARIA DE RODOVIAS DO OESTE DE SAO PAULO VIAOESTE S.A
GIA7B06,29/08/2024,9,"SP 075, 12.5, SUL, ITU - SP",CONCESSIONARIA DE RODOVIAS DO OESTE DE SAO PAULO VIAOESTE S.A
QUA2G54,29/08/2024,9,"SP 075, 12.5, SUL, ITU - SP",CONCESSIONARIA DE RODOVIAS DO OESTE DE SAO PAULO VIAOESTE S.A
DFJ9195,29/08/2024,9,"SP 075, 12.5, SUL, ITU - SP",CONCESSIONARIA DE RODOVIAS DO OESTE DE SAO PAULO VIAOESTE S.A
QUA2G54,30/08/2024,9,"SP 075, 12.5, SUL, ITU - SP",CONCESSIONARIA DE RODOVIAS DO OESTE DE SAO PAULO VIAOESTE S.A
GIY1B04,30/08/2024,"15,8","SP 280, 74.0, LESTE, ITU - SP",CONCESSIONARIA DE RODOVIAS DO OESTE DE SAO PAULO VIAOESTE S.A
GIA7B06,30/08/2024,9,"SP 075, 12.5, SUL, ITU - SP",CONCESSIONARIA DE RODOVIAS DO OESTE DE SAO PAULO VIAOESTE S.A
PXD7G42,30/08/2024,"10,3","SP 300, 137.722, OESTE, PORTO FELIZ - SP",RODOVIAS DAS COLINAS S.A
FLL4673,30/08/2024,"10,3","SP 300, 137.722, OESTE, PORTO FELIZ - SP",RODOVIAS DAS COLINAS S.A
GIY1B04,30/08/2024,9,"SP 075, 12.5, SUL, ITU - SP",CONCESSIONARIA DE RODOVIAS DO OESTE DE SAO PAULO VIAOESTE S.A
PXD7G42,31/08/2024,"10,3","SP 300, 137.722, OESTE, PORTO FELIZ - SP",RODOVIAS DAS COLINAS S.A
FLL4673,31/08/2024,"10,3","SP 300, 137.722, OESTE, PORTO FELIZ - SP",RODOVIAS DAS COLINAS S.A
GIY1B04,31/08/2024,9,"SP 075, 12.5, SUL, ITU - SP",CONCESSIONARIA DE RODOVIAS DO OESTE DE SAO PAULO VIAOESTE S.A
