CPF/CNPJ;Razao Social;Conta;ID Transacao;Placa;Eixo Cadastrado;Eixo Cobrado;VeloeTag;Data de Utilizacao;Hora de Untrada;Data Fim de Utilizacao;Hora Fim de Utilizacao;Permanencia;Data de Processamento;Hora de Processamento;Nome do Estabelecimento;Endereco do Estabelecimento;Valor Cobrado;Tipo do Movimento;Tipo de Transacao;Informacao 1;Informacao 2;Informacao 3;Praca;Pista;Agencia;ID Concessionaria DTO;Concessionaria ID;Vale Pedagio;FastId
05437537000137;AUTO GERAL AUTOPECAS LTDA;229258;1317057959;DWH6543;2 eixos, rodagem simples;2 eixos, rodagem simples;1129701211;30/03/2024;12:25:34;01/01/2000;00:00:00;;30/03/2024;12:25:49;RODOVIAS DAS COLINAS S.A;SP 280, 111.3, LESTE, BOITUVA - SP;12,4;Debito;Passagem Dentro SLA;;;;2;3;;24;1013;false;fab6c44b-0338-4c65-924a-c6a7e7cf1435
05437537000137;AUTO GERAL AUTOPECAS LTDA;229258;1316614618;DWH6543;2 eixos, rodagem simples;2 eixos, rodagem simples;1129701211;30/03/2024;07:15:46;01/01/2000;00:00:00;;30/03/2024;07:16:08;RODOVIAS DAS COLINAS S.A;SP 280, 111.3, LESTE, BOITUVA - SP;12,4;Debito;Passagem Dentro SLA;;;;2;16;;24;1013;false;d22d220a-d4ab-43d1-b46a-c1fc89c9b0cb
05437537000137;AUTO GERAL AUTOPECAS LTDA;229258;1314898476;DWH6543;2 eixos, rodagem simples;2 eixos, rodagem simples;1129701211;28/03/2024;18:21:59;01/01/2000;00:00:00;;28/03/2024;18:22:43;RODOVIAS DAS COLINAS S.A;SP 280, 111.3, LESTE, BOITUVA - SP;12,4;Debito;Passagem Dentro SLA;;;;2;3;;24;1013;false;18a4a2db-5618-44fe-99cd-7b6f0f36e0d0
05437537000137;AUTO GERAL AUTOPECAS LTDA;229258;1314816778;PXD7G42;2 eixos, rodagem simples;2 eixos, rodagem simples;2167066407;28/03/2024;17:30:20;01/01/2000;00:00:00;;28/03/2024;17:30:30;RODOVIAS DAS COLINAS S.A;SP 300, 137.722, OESTE, PORTO FELIZ - SP;9,9;Debito;Passagem Dentro SLA;;;;5;2;;24;1013;false;065e4859-4056-46f5-83a3-723e04cf0b83
05437537000137;AUTO GERAL AUTOPECAS LTDA;229258;1314761727;DFJ9195;2 eixos, rodagem simples;2 eixos, rodagem simples;2199910708;28/03/2024;16:52:24;01/01/2000;00:00:00;;28/03/2024;16:53:00;CONCESSIONARIA DE RODOVIAS DO OESTE DE SAO PAULO VIAOESTE S.A;SP 075, 12.5, SUL, ITU - SP;8,6;Debito;Passagem Dentro SLA;;;;154;111;;286;1012;false;9c91d6d8-cfc2-4503-a72f-583b6dbd8d21
05437537000137;AUTO GERAL AUTOPECAS LTDA;229258;1314623612;GIA7B06;2 eixos, rodagem simples;2 eixos, rodagem simples;2132631068;28/03/2024;15:17:13;01/01/2000;00:00:00;;28/03/2024;15:17:26;CONCESSIONARIA DE RODOVIAS DO OESTE DE SAO PAULO VIAOESTE S.A;SP 075, 12.5, SUL, ITU - SP;8,6;Debito;Passagem Dentro SLA;;;;154;111;;286;1012;false;2292f415-107d-4f68-95d4-006b8c8c5e1f
05437537000137;AUTO GERAL AUTOPECAS LTDA;229258;1314478076;PXD7G42;2 eixos, rodagem simples;2 eixos, rodagem simples;2167066407;28/03/2024;13:40:28;01/01/2000;00:00:00;;28/03/2024;13:40:44;RODOVIAS DAS COLINAS S.A;SP 300, 137.722, OESTE, PORTO FELIZ - SP;9,9;Debito;Passagem Dentro SLA;;;;5;2;;24;1013;false;3548c054-681a-4df0-bbc8-4058c6579c2f
05437537000137;AUTO GERAL AUTOPECAS LTDA;229258;1314355919;GIY1B04;2 eixos, rodagem simples;2 eixos, rodagem simples;1172923315;28/03/2024;12:03:39;01/01/2000;00:00:00;;28/03/2024;12:04:55;CONCESSIONARIA DE RODOVIAS DO OESTE DE SAO PAULO VIAOESTE S.A;SP 280, 74.0, LESTE, ITU - SP;15,2;Debito;Passagem Dentro SLA;;;;143;116;;286;1012;false;3d09d728-90b2-4395-964d-c640d53a95f5
05437537000137;AUTO GERAL AUTOPECAS LTDA;229258;1315545738;FYX6I43;2 eixos rodagem simples;2 eixos rodagem simples;1182838201;28/03/2024;11:20:43;;;;28/03/2024;11:21:14;CONCESSIONARIA DE RODOVIAS DO OESTE DE SAO PAULO VIAOESTE S.A;SP 075, 12.5, SUL, ITU - SP;8,6;Debito;Passagem Dentro SLA;;;;154;112;ARTESP;286;1012;true;1b2ca5cd-3e56-4007-8496-29568ba823b7
05437537000137;AUTO GERAL AUTOPECAS LTDA;229258;1314281228;PXD7G42;2 eixos, rodagem simples;2 eixos, rodagem simples;2167066407;28/03/2024;10:51:51;01/01/2000;00:00:00;;28/03/2024;10:51:55;RODOVIAS DAS COLINAS S.A;SP 300, 137.722, OESTE, PORTO FELIZ - SP;9,9;Debito;Passagem Dentro SLA;;;;5;2;;24;1013;false;5fd9dc40-4b03-4076-9ca4-86462cba546b
05437537000137;AUTO GERAL AUTOPECAS LTDA;229258;1314106495;FYX6I43;2 eixos, rodagem simples;2 eixos, rodagem simples;1182838201;28/03/2024;08:16:46;01/01/2000;00:00:00;;28/03/2024;08:17:18;CONCESSIONARIA DE RODOVIAS DO OESTE DE SAO PAULO VIAOESTE S.A;SP 075, 12.5, SUL, ITU - SP;8,6;Debito;Passagem Dentro SLA;;;;154;112;;286;1012;false;ef0ab152-0ee9-4064-99e3-cbf8c97410fa
05437537000137;AUTO GERAL AUTOPECAS LTDA;229258;1314061809;DWH6543;2 eixos, rodagem simples;2 eixos, rodagem simples;1129701211;28/03/2024;07:37:27;01/01/2000;00:00:00;;28/03/2024;07:37:54;RODOVIAS DAS COLINAS S.A;SP 280, 111.3, LESTE, BOITUVA - SP;12,4;Debito;Passagem Dentro SLA;;;;2;16;;24;1013;false;3af69954-8440-4702-8150-5aa654400327
05437537000137;AUTO GERAL AUTOPECAS LTDA;229258;1314057770;QUA2G54;2 eixos, rodagem simples;2 eixos, rodagem simples;1131434587;28/03/2024;07:33:35;01/01/2000;00:00:00;;28/03/2024;07:33:50;CONCESSIONARIA DE RODOVIAS DO OESTE DE SAO PAULO VIAOESTE S.A;SP 075, 12.5, SUL, ITU - SP;8,6;Debito;Passagem Dentro SLA;;;;154;112;;286;1012;false;184bac9a-31d9-4f80-b517-c185415893df
05437537000137;AUTO GERAL AUTOPECAS LTDA;229258;1313480138;DWH6543;2 eixos, rodagem simples;2 eixos, rodagem simples;1129701211;27/03/2024;18:23:26;01/01/2000;00:00:00;;27/03/2024;18:23:41;RODOVIAS DAS COLINAS S.A;SP 300, 137.722, OESTE, PORTO FELIZ - SP;9,9;Debito;Passagem Dentro SLA;;;;5;2;;24;1013;false;fd8bf5b7-dee0-4252-9648-2caeb569cdcb
05437537000137;AUTO GERAL AUTOPECAS LTDA;229258;1313430718;PXD7G42;2 eixos, rodagem simples;2 eixos, rodagem simples;2167066407;27/03/2024;17:34:53;01/01/2000;00:00:00;;27/03/2024;17:35:00;RODOVIAS DAS COLINAS S.A;SP 300, 137.722, OESTE, PORTO FELIZ - SP;9,9;Debito;Passagem Dentro SLA;;;;5;2;;24;1013;false;4d46241a-352c-4ebc-855f-484bf8bd69ff
05437537000137;AUTO GERAL AUTOPECAS LTDA;229258;1313378148;DFJ9195;2 eixos, rodagem simples;2 eixos, rodagem simples;2199910708;27/03/2024;16:53:37;01/01/2000;00:00:00;;27/03/2024;16:54:09;CONCESSIONARIA DE RODOVIAS DO OESTE DE SAO PAULO VIAOESTE S.A;SP 075, 12.5, SUL, ITU - SP;8,6;Debito;Passagem Dentro SLA;;;;154;112;;286;1012;false;da9c3eda-9de5-45f5-90e1-69bc1dd4cfcf
05437537000137;AUTO GERAL AUTOPECAS LTDA;229258;1313257020;PWS9889;2 eixos, rodagem simples;2 eixos, rodagem simples;2139267956;27/03/2024;15:13:40;01/01/2000;00:00:00;;27/03/2024;15:14:56;CONCESSIONARIA DE RODOVIAS DO OESTE DE SAO PAULO VIAOESTE S.A;SP 270, 111.0, OESTE, ARACOIABA DA SERRA - SP;5,1;Debito;Passagem Dentro SLA;;;;184;102;;286;1012;false;8ed33e27-43d6-4957-a9ca-5646f6c52ecc
05437537000137;AUTO GERAL AUTOPECAS LTDA;229258;1313256387;FYX6I43;2 eixos, rodagem simples;2 eixos, rodagem simples;1182838201;27/03/2024;15:13:02;01/01/2000;00:00:00;;27/03/2024;15:13:17;CONCESSIONARIA DE RODOVIAS DO OESTE DE SAO PAULO VIAOESTE S.A;SP 075, 12.5, SUL, ITU - SP;8,6;Debito;Passagem Dentro SLA;;;;154;112;;286;1012;false;2468dc9e-5517-41c1-98a8-b63e7c748d66
05437537000137;AUTO GERAL AUTOPECAS LTDA;229258;1313154579;FEA0472;2 eixos, rodagem simples;2 eixos, rodagem simples;1168495145;27/03/2024;13:45:17;01/01/2000;00:00:00;;27/03/2024;13:45:33;RODOVIAS DAS COLINAS S.A;SP 300, 137.722, OESTE, PORTO FELIZ - SP;9,9;Debito;Passagem Dentro SLA;;;;5;2;;24;1013;false;ebff574d-be4c-4390-87d9-02ef7278b8dc
05437537000137;AUTO GERAL AUTOPECAS LTDA;229258;1313105636;PWS9889;2 eixos, rodagem simples;2 eixos, rodagem simples;2139267956;27/03/2024;12:55:43;01/01/2000;00:00:00;;27/03/2024;12:56:56;CONCESSIONARIA DE RODOVIAS DO OESTE DE SAO PAULO VIAOESTE S.A;SP 270, 111.0, LESTE, ARACOIABA DA SERRA - SP;5,1;Debito;Passagem Dentro SLA;;;;183;101;;286;1012;false;07429f9c-d263-4874-9fd1-7e86555c75b6
05437537000137;AUTO GERAL AUTOPECAS LTDA;229258;1313075363;GIY1B04;2 eixos, rodagem simples;2 eixos, rodagem simples;1172923315;27/03/2024;12:26:51;01/01/2000;00:00:00;;27/03/2024;12:28:07;CONCESSIONARIA DE RODOVIAS DO OESTE DE SAO PAULO VIAOESTE S.A;SP 280, 74.0, LESTE, ITU - SP;15,2;Debito;Passagem Dentro SLA;;;;143;116;;286;1012;false;3448394a-d605-48e3-b5d7-69bbb30cba44
05437537000137;AUTO GERAL AUTOPECAS LTDA;229258;1313043961;FEA0472;2 eixos, rodagem simples;2 eixos, rodagem simples;1168495145;27/03/2024;11:58:24;01/01/2000;00:00:00;;27/03/2024;11:58:34;RODOVIAS DAS COLINAS S.A;SP 280, 110.4, OESTE, BOITUVA - SP;12,4;Debito;Passagem Dentro SLA;;;;7;4;;24;1013;false;0df31ded-981d-4032-85be-ff7dfb2998eb
05437537000137;AUTO GERAL AUTOPECAS LTDA;229258;1312995214;FYX6I43;2 eixos, rodagem simples;2 eixos, rodagem simples;1182838201;27/03/2024;11:12:00;01/01/2000;00:00:00;;27/03/2024;11:12:29;CONCESSIONARIA DE RODOVIAS DO OESTE DE SAO PAULO VIAOESTE S.A;SP 075, 12.5, SUL, ITU - SP;8,6;Debito;Passagem Dentro SLA;;;;154;111;;286;1012;false;d3824b3b-0d13-49f3-ab71-8f2b3d94e084
05437537000137;AUTO GERAL AUTOPECAS LTDA;229258;1312978657;FEA0472;2 eixos, rodagem simples;2 eixos, rodagem simples;1168495145;27/03/2024;10:56:19;01/01/2000;00:00:00;;27/03/2024;10:56:45;RODOVIAS DAS COLINAS S.A;SP 300, 137.722, OESTE, PORTO FELIZ - SP;9,9;Debito;Passagem Dentro SLA;;;;5;2;;24;1013;false;b780554b-f2f1-4b07-a6c6-5ec9b27078a1
05437537000137;AUTO GERAL AUTOPECAS LTDA;229258;1312716121;FEA0472;2 eixos, rodagem simples;2 eixos, rodagem simples;1168495145;27/03/2024;09:10:59;01/01/2000;00:00:00;;27/03/2024;09:11:05;RODOVIAS DAS COLINAS S.A;SP 280, 111.3, LESTE, BOITUVA - SP;12,4;Debito;Passagem Dentro SLA;;;;2;16;;24;1013;false;1a25b934-8a0f-41bb-9f66-69374c2b4ff2
05437537000137;AUTO GERAL AUTOPECAS LTDA;229258;1312661055;FYX6I43;2 eixos, rodagem simples;2 eixos, rodagem simples;1182838201;27/03/2024;08:19:01;01/01/2000;00:00:00;;27/03/2024;08:20:16;CONCESSIONARIA DE RODOVIAS DO OESTE DE SAO PAULO VIAOESTE S.A;SP 075, 12.5, SUL, ITU - SP;8,6;Debito;Passagem Dentro SLA;;;;154;111;;286;1012;false;4fc11f74-3aea-4cd9-b001-0b48c88bc156
05437537000137;AUTO GERAL AUTOPECAS LTDA;229258;1312619121;DWH6543;2 eixos, rodagem simples;2 eixos, rodagem simples;1129701211;27/03/2024;07:39:46;01/01/2000;00:00:00;;27/03/2024;07:39:57;RODOVIAS DAS COLINAS S.A;SP 280, 111.3, LESTE, BOITUVA - SP;12,4;Debito;Passagem Dentro SLA;;;;2;17;;24;1013;false;eb7809a6-86b5-4158-b9d1-bedecc7eb9c3
05437537000137;AUTO GERAL AUTOPECAS LTDA;229258;1312609396;QUA2G54;2 eixos, rodagem simples;2 eixos, rodagem simples;1131434587;27/03/2024;07:31:15;01/01/2000;00:00:00;;27/03/2024;07:31:28;CONCESSIONARIA DE RODOVIAS DO OESTE DE SAO PAULO VIAOESTE S.A;SP 075, 12.5, SUL, ITU - SP;8,6;Debito;Passagem Dentro SLA;;;;154;111;;286;1012;false;4128f9d4-4ccc-4905-8885-5c23ebcaecc6
05437537000137;AUTO GERAL AUTOPECAS LTDA;229258;1312172211;DWH6543;2 eixos, rodagem simples;2 eixos, rodagem simples;1129701211;26/03/2024;18:20:46;01/01/2000;00:00:00;;26/03/2024;18:20:54;RODOVIAS DAS COLINAS S.A;SP 280, 111.3, LESTE, BOITUVA - SP;12,4;Debito;Passagem Dentro SLA;;;;2;4;;24;1013;false;9697cbcf-10e2-4355-a0b0-1af260656c60
05437537000137;AUTO GERAL AUTOPECAS LTDA;229258;1312108147;PXD7G42;2 eixos, rodagem simples;2 eixos, rodagem simples;2167066407;26/03/2024;17:27:49;01/01/2000;00:00:00;;26/03/2024;17:28:03;RODOVIAS DAS COLINAS S.A;SP 300, 137.722, OESTE, PORTO FELIZ - SP;9,9;Debito;Passagem Dentro SLA;;;;5;2;;24;1013;false;50f1dbfe-33ca-46b4-a1e9-e54710425c3c
05437537000137;AUTO GERAL AUTOPECAS LTDA;229258;1312065756;DFJ9195;2 eixos, rodagem simples;2 eixos, rodagem simples;2199910708;26/03/2024;16:49:01;01/01/2000;00:00:00;;26/03/2024;16:50:41;CONCESSIONARIA DE RODOVIAS DO OESTE DE SAO PAULO VIAOESTE S.A;SP 075, 12.5, SUL, ITU - SP;8,6;Debito;Passagem Dentro SLA;;;;154;112;;286;1012;false;59b58958-f964-4cd2-9ed2-62296d2b589c
05437537000137;AUTO GERAL AUTOPECAS LTDA;229258;1311970253;GIA7B06;2 eixos, rodagem simples;2 eixos, rodagem simples;2132631068;26/03/2024;15:17:20;01/01/2000;00:00:00;;26/03/2024;15:18:34;CONCESSIONARIA DE RODOVIAS DO OESTE DE SAO PAULO VIAOESTE S.A;SP 075, 12.5, SUL, ITU - SP;8,6;Debito;Passagem Dentro SLA;;;;154;111;;286;1012;false;7959e2aa-c221-4111-96f5-84f0f3cc58d8
05437537000137;AUTO GERAL AUTOPECAS LTDA;229258;1311863724;PXD7G42;2 eixos, rodagem simples;2 eixos, rodagem simples;2167066407;26/03/2024;13:43:27;01/01/2000;00:00:00;;26/03/2024;13:43:49;RODOVIAS DAS COLINAS S.A;SP 300, 137.722, OESTE, PORTO FELIZ - SP;9,9;Debito;Passagem Dentro SLA;;;;5;2;;24;1013;false;8bea89b3-e4c9-4d7d-8646-a9399378fd39
05437537000137;AUTO GERAL AUTOPECAS LTDA;229258;1311841445;BQU4D69;2 eixos, rodagem simples;2 eixos, rodagem simples;1130525385;26/03/2024;13:29:41;01/01/2000;00:00:00;;26/03/2024;13:30:06;RODOVIAS INTEGRADAS DO OESTE S.A;SP 280, 158.3, LESTE, QUADRA - SP;17,5;Debito;Passagem Dentro SLA;;;;113;101;;305;1020;false;a6a08985-d180-47b8-bda6-a23419f87860
05437537000137;AUTO GERAL AUTOPECAS LTDA;229258;1312821257;BQU4D69;2 eixos rodagem simples;2 eixos rodagem simples;1130525385;26/03/2024;13:01:47;;;;26/03/2024;13:31:10;RODOVIAS INTEGRADAS DO OESTE S.A;SP 280, 158.3, OESTE, QUADRA - SP;17,5;Debito;Passagem Fora SLA;;;;114;116;ARTESP;305;1020;true;153ec47e-be92-4af6-91d8-dc3587cb8788
05437537000137;AUTO GERAL AUTOPECAS LTDA;229258;1311758179;GIY1B04;2 eixos, rodagem simples;2 eixos, rodagem simples;1172923315;26/03/2024;11:56:38;01/01/2000;00:00:00;;26/03/2024;11:57:03;CONCESSIONARIA DE RODOVIAS DO OESTE DE SAO PAULO VIAOESTE S.A;SP 280, 74.0, LESTE, ITU - SP;15,2;Debito;Passagem Dentro SLA;;;;143;115;;286;1012;false;18141fc0-0137-4cb1-82b7-26fb79f7dae3
05437537000137;AUTO GERAL AUTOPECAS LTDA;229258;1311740888;FYX6I43;2 eixos, rodagem simples;2 eixos, rodagem simples;1182838201;26/03/2024;11:39:01;01/01/2000;00:00:00;;26/03/2024;11:39:27;CONCESSIONARIA DE RODOVIAS DO OESTE DE SAO PAULO VIAOESTE S.A;SP 075, 12.5, SUL, ITU - SP;8,6;Debito;Passagem Dentro SLA;;;;154;112;;286;1012;false;6b64995a-251a-45d1-9b8c-bec84d098172
05437537000137;AUTO GERAL AUTOPECAS LTDA;229258;1311693322;PXD7G42;2 eixos, rodagem simples;2 eixos, rodagem simples;2167066407;26/03/2024;10:49:00;01/01/2000;00:00:00;;26/03/2024;10:49:08;RODOVIAS DAS COLINAS S.A;SP 300, 137.722, OESTE, PORTO FELIZ - SP;9,9;Debito;Passagem Dentro SLA;;;;5;2;;24;1013;false;70c78e06-3810-422f-a2d9-afea3f10fa53
05437537000137;AUTO GERAL AUTOPECAS LTDA;229258;1311521947;FYX6I43;2 eixos, rodagem simples;2 eixos, rodagem simples;1182838201;26/03/2024;08:19:07;01/01/2000;00:00:00;;26/03/2024;08:19:14;CONCESSIONARIA DE RODOVIAS DO OESTE DE SAO PAULO VIAOESTE S.A;SP 075, 12.5, SUL, ITU - SP;8,6;Debito;Passagem Dentro SLA;;;;154;111;;286;1012;false;7b784ac4-e6e6-4723-b842-c2a43e5acc66
05437537000137;AUTO GERAL AUTOPECAS LTDA;229258;1311472191;QUA2G54;2 eixos, rodagem simples;2 eixos, rodagem simples;1131434587;26/03/2024;07:36:37;01/01/2000;00:00:00;;26/03/2024;07:36:44;CONCESSIONARIA DE RODOVIAS DO OESTE DE SAO PAULO VIAOESTE S.A;SP 075, 12.5, SUL, ITU - SP;8,6;Debito;Passagem Dentro SLA;;;;154;112;;286;1012;false;efc05387-7661-49c8-a006-a220cc719de0
05437537000137;AUTO GERAL AUTOPECAS LTDA;229258;1311463394;DWH6543;2 eixos, rodagem simples;2 eixos, rodagem simples;1129701211;26/03/2024;07:27:03;01/01/2000;00:00:00;;26/03/2024;07:27:28;RODOVIAS DAS COLINAS S.A;SP 300, 137.722, OESTE, PORTO FELIZ - SP;9,9;Debito;Passagem Dentro SLA;;;;5;9;;24;1013;false;d66c7145-bcfb-4ec8-8217-846d3678a435
05437537000137;AUTO GERAL AUTOPECAS LTDA;229258;1311006323;PXD7G42;2 eixos, rodagem simples;2 eixos, rodagem simples;2167066407;25/03/2024;17:31:21;01/01/2000;00:00:00;;25/03/2024;17:31:38;RODOVIAS DAS COLINAS S.A;SP 300, 137.722, OESTE, PORTO FELIZ - SP;9,9;Debito;Passagem Dentro SLA;;;;5;2;;24;1013;false;e3fbd7da-2a21-4903-8ef3-1d21b1a9fbad
05437537000137;AUTO GERAL AUTOPECAS LTDA;229258;1310977883;DWH6543;2 eixos, rodagem simples;2 eixos, rodagem simples;1129701211;25/03/2024;17:08:06;01/01/2000;00:00:00;;25/03/2024;17:08:12;RODOVIAS DAS COLINAS S.A;SP 300, 137.722, OESTE, PORTO FELIZ - SP;9,9;Debito;Passagem Dentro SLA;;;;5;2;;24;1013;false;e56804f5-463a-4cfb-b6ff-3f5f03ecf525
05437537000137;AUTO GERAL AUTOPECAS LTDA;229258;1310951390;DFJ9195;2 eixos, rodagem simples;2 eixos, rodagem simples;2199910708;25/03/2024;16:47:44;01/01/2000;00:00:00;;25/03/2024;16:48:58;CONCESSIONARIA DE RODOVIAS DO OESTE DE SAO PAULO VIAOESTE S.A;SP 075, 12.5, SUL, ITU - SP;8,6;Debito;Passagem Dentro SLA;;;;154;112;;286;1012;false;2463e608-591c-42c3-b07d-733c92a8fb1a
05437537000137;AUTO GERAL AUTOPECAS LTDA;229258;1310846066;GIY1B04;2 eixos, rodagem simples;2 eixos, rodagem simples;1172923315;25/03/2024;15:16:18;01/01/2000;00:00:00;;25/03/2024;15:16:27;CONCESSIONARIA DE RODOVIAS DO OESTE DE SAO PAULO VIAOESTE S.A;SP 280, 74.0, LESTE, ITU - SP;15,2;Debito;Passagem Dentro SLA;;;;143;115;;286;1012;false;51e885da-6dfb-4f1b-b03a-a45bdaac489b
05437537000137;AUTO GERAL AUTOPECAS LTDA;229258;1310842688;FYX6I43;2 eixos, rodagem simples;2 eixos, rodagem simples;1182838201;25/03/2024;15:12:41;01/01/2000;00:00:00;;25/03/2024;15:13:05;CONCESSIONARIA DE RODOVIAS DO OESTE DE SAO PAULO VIAOESTE S.A;SP 075, 12.5, SUL, ITU - SP;8,6;Debito;Passagem Dentro SLA;;;;154;111;;286;1012;false;7b506743-3c06-418b-b7e7-0e643e1063f9
05437537000137;AUTO GERAL AUTOPECAS LTDA;229258;1310741960;PXD7G42;2 eixos, rodagem simples;2 eixos, rodagem simples;2167066407;25/03/2024;13:42:50;01/01/2000;00:00:00;;25/03/2024;13:43:11;RODOVIAS DAS COLINAS S.A;SP 300, 137.722, OESTE, PORTO FELIZ - SP;9,9;Debito;Passagem Dentro SLA;;;;5;2;;24;1013;false;0ce318ba-61f9-400e-8636-40c1563ec589
05437537000137;AUTO GERAL AUTOPECAS LTDA;229258;1311390112;FLX6991;2 eixos rodagem dupla;2 eixos rodagem dupla;1183931411;25/03/2024;11:37:03;;;;25/03/2024;11:37:21;RODOVIAS DAS COLINAS S.A;SP 280, 111.3, LESTE, BOITUVA - SP;24,8;Debito;Passagem Dentro SLA;;;;2;2;ARTESP;24;1013;true;49029d7c-535d-41d8-b457-47b32b4f6d60
05437537000137;AUTO GERAL AUTOPECAS LTDA;229258;1310583957;FYX6I43;2 eixos, rodagem simples;2 eixos, rodagem simples;1182838201;25/03/2024;11:14:40;01/01/2000;00:00:00;;25/03/2024;11:17:06;CONCESSIONARIA DE RODOVIAS DO OESTE DE SAO PAULO VIAOESTE S.A;SP 075, 12.5, SUL, ITU - SP;8,6;Debito;Passagem Fora SLA;;;;154;111;;286;1012;false;915d8e56-97b3-44c3-bc50-9b3592e6119d
05437537000137;AUTO GERAL AUTOPECAS LTDA;229258;1310552088;PXD7G42;2 eixos, rodagem simples;2 eixos, rodagem simples;2167066407;25/03/2024;10:46:09;01/01/2000;00:00:00;;25/03/2024;10:46:33;RODOVIAS DAS COLINAS S.A;SP 300, 137.722, OESTE, PORTO FELIZ - SP;9,9;Debito;Passagem Dentro SLA;;;;5;2;;24;1013;false;a0d2eeaf-4878-4383-9aa9-6caf1c15c1ce
05437537000137;AUTO GERAL AUTOPECAS LTDA;229258;1310500503;FLX6991;2 eixos, rodagem dupla;2 eixos, rodagem dupla;1183931411;25/03/2024;09:59:10;01/01/2000;00:00:00;;25/03/2024;09:59:22;RODOVIAS DAS COLINAS S.A;SP 300, 137.722, OESTE, PORTO FELIZ - SP;19,8;Debito;Passagem Dentro SLA;;;;5;9;;24;1013;false;87208c63-300b-4b17-95e3-a50de2c868e0
05437537000137;AUTO GERAL AUTOPECAS LTDA;229258;1310390594;FYX6I43;2 eixos, rodagem simples;2 eixos, rodagem simples;1182838201;25/03/2024;08:24:10;01/01/2000;00:00:00;;25/03/2024;08:26:35;CONCESSIONARIA DE RODOVIAS DO OESTE DE SAO PAULO VIAOESTE S.A;SP 075, 12.5, SUL, ITU - SP;8,6;Debito;Passagem Fora SLA;;;;154;111;;286;1012;false;4f8f5c81-177f-4564-98b9-3f271e8376ec
05437537000137;AUTO GERAL AUTOPECAS LTDA;229258;1310328258;QUA2G54;2 eixos, rodagem simples;2 eixos, rodagem simples;1131434587;25/03/2024;07:32:23;01/01/2000;00:00:00;;25/03/2024;07:34:34;CONCESSIONARIA DE RODOVIAS DO OESTE DE SAO PAULO VIAOESTE S.A;SP 075, 12.5, SUL, ITU - SP;8,6;Debito;Passagem Fora SLA;;;;154;112;;286;1012;false;c82b102e-bf91-4cbc-8041-04ec092731e4
05437537000137;AUTO GERAL AUTOPECAS LTDA;229258;1310324132;DWH6543;2 eixos, rodagem simples;2 eixos, rodagem simples;1129701211;25/03/2024;07:32:09;01/01/2000;00:00:00;;25/03/2024;07:32:24;RODOVIAS DAS COLINAS S.A;SP 280, 111.3, LESTE, BOITUVA - SP;12,4;Debito;Passagem Dentro SLA;;;;2;16;;24;1013;false;8c7b9e1e-0fef-434a-b33a-b84503734332
05437537000137;AUTO GERAL AUTOPECAS LTDA;229258;1308696626;DWH6543;2 eixos, rodagem simples;2 eixos, rodagem simples;1129701211;23/03/2024;14:22:20;01/01/2000;00:00:00;;23/03/2024;14:22:37;RODOVIAS DAS COLINAS S.A;SP 300, 137.722, OESTE, PORTO FELIZ - SP;9,9;Debito;Passagem Dentro SLA;;;;5;2;;24;1013;false;e8719830-6227-47e8-a160-bbbfe86363c7
05437537000137;AUTO GERAL AUTOPECAS LTDA;229258;1308300247;960993;;;;23/03/2024;07:30:27;01/01/2000;00:00:00;;23/03/2024;07:30:27;;Automatica-CARTAO_DE_CREDITO;1000;Credito;Recarga Automatica;;;;;;;;;;883906a2-1da5-4505-b46e-fc2ed7927c84
05437537000137;AUTO GERAL AUTOPECAS LTDA;229258;1308299922;DWH6543;2 eixos, rodagem simples;2 eixos, rodagem simples;1129701211;23/03/2024;07:29:31;01/01/2000;00:00:00;;23/03/2024;07:29:46;RODOVIAS DAS COLINAS S.A;SP 300, 137.722, OESTE, PORTO FELIZ - SP;9,9;Debito;Passagem Dentro SLA;;;;5;9;;24;1013;false;24af7297-ec28-45be-9726-634ab67f2ebd
05437537000137;AUTO GERAL AUTOPECAS LTDA;229258;1308302487;QUA2G54;2 eixos, rodagem simples;2 eixos, rodagem simples;1131434587;23/03/2024;07:28:58;01/01/2000;00:00:00;;23/03/2024;07:32:21;CONCESSIONARIA DE RODOVIAS DO OESTE DE SAO PAULO VIAOESTE S.A;SP 075, 12.5, SUL, ITU - SP;8,6;Debito;Passagem Fora SLA;;;;154;111;;286;1012;false;7c481a57-b04b-4cdd-b312-067e6d3aba0a
05437537000137;AUTO GERAL AUTOPECAS LTDA;229258;1307805970;DWH6543;2 eixos, rodagem simples;2 eixos, rodagem simples;1129701211;22/03/2024;18:20:16;01/01/2000;00:00:00;;22/03/2024;18:20:26;RODOVIAS DAS COLINAS S.A;SP 280, 111.3, LESTE, BOITUVA - SP;12,4;Debito;Passagem Dentro SLA;;;;2;2;;24;1013;false;b7d13ec5-6da9-4112-ad11-a59290467b95
05437537000137;AUTO GERAL AUTOPECAS LTDA;229258;1307743266;PXD7G42;2 eixos, rodagem simples;2 eixos, rodagem simples;2167066407;22/03/2024;17:28:40;01/01/2000;00:00:00;;22/03/2024;17:28:55;RODOVIAS DAS COLINAS S.A;SP 300, 137.722, OESTE, PORTO FELIZ - SP;9,9;Debito;Passagem Dentro SLA;;;;5;2;;24;1013;false;74b7d095-b70d-4b01-b3de-9099dc1e0788
05437537000137;AUTO GERAL AUTOPECAS LTDA;229258;1307563692;FYX6I43;2 eixos, rodagem simples;2 eixos, rodagem simples;1182838201;22/03/2024;15:18:03;01/01/2000;00:00:00;;22/03/2024;15:21:22;CONCESSIONARIA DE RODOVIAS DO OESTE DE SAO PAULO VIAOESTE S.A;SP 075, 12.5, SUL, ITU - SP;8,6;Debito;Passagem Fora SLA;;;;154;111;;286;1012;false;d9644b86-e4c8-411c-b952-895447eddbcd
05437537000137;AUTO GERAL AUTOPECAS LTDA;229258;1307533566;GIY1B04;2 eixos, rodagem simples;2 eixos, rodagem simples;1172923315;22/03/2024;14:55:22;01/01/2000;00:00:00;;22/03/2024;14:56:02;CONCESSIONARIA DE RODOVIAS DO OESTE DE SAO PAULO VIAOESTE S.A;SP 280, 74.0, LESTE, ITU - SP;15,2;Debito;Passagem Dentro SLA;;;;143;116;;286;1012;false;43aa269c-5e83-4a45-b72d-5e25ea948e26
05437537000137;AUTO GERAL AUTOPECAS LTDA;229258;1307469772;PXD7G42;2 eixos, rodagem simples;2 eixos, rodagem simples;2167066407;22/03/2024;14:06:03;01/01/2000;00:00:00;;22/03/2024;14:06:18;RODOVIAS DAS COLINAS S.A;SP 300, 137.722, OESTE, PORTO FELIZ - SP;9,9;Debito;Passagem Dentro SLA;;;;5;2;;24;1013;false;75e2a8d7-c612-4df0-b519-28eb44ba47f6
05437537000137;AUTO GERAL AUTOPECAS LTDA;229258;1307399633;DFJ9195;2 eixos, rodagem simples;2 eixos, rodagem simples;2199910708;22/03/2024;13:01:28;01/01/2000;00:00:00;;22/03/2024;13:03:42;CONCESSIONARIA DE RODOVIAS DO OESTE DE SAO PAULO VIAOESTE S.A;SP 075, 12.5, SUL, ITU - SP;8,6;Debito;Passagem Fora SLA;;;;154;112;;286;1012;false;918647b3-c74d-45c9-9769-a3e94f567d3f
05437537000137;AUTO GERAL AUTOPECAS LTDA;229258;1307312685;FYX6I43;2 eixos, rodagem simples;2 eixos, rodagem simples;1182838201;22/03/2024;11:34:52;01/01/2000;00:00:00;;22/03/2024;11:38:12;CONCESSIONARIA DE RODOVIAS DO OESTE DE SAO PAULO VIAOESTE S.A;SP 075, 12.5, SUL, ITU - SP;8,6;Debito;Passagem Fora SLA;;;;154;111;;286;1012;false;c3fba389-5d14-4cde-8875-0d6fef8bc8ff
05437537000137;AUTO GERAL AUTOPECAS LTDA;229258;1307277263;PXD7G42;2 eixos, rodagem simples;2 eixos, rodagem simples;2167066407;22/03/2024;11:05:07;01/01/2000;00:00:00;;22/03/2024;11:05:16;RODOVIAS DAS COLINAS S.A;SP 300, 137.722, OESTE, PORTO FELIZ - SP;9,9;Debito;Passagem Dentro SLA;;;;5;2;;24;1013;false;6a336092-7dcf-448c-89e0-598f3eceef8b
05437537000137;AUTO GERAL AUTOPECAS LTDA;229258;1307253207;FLX6991;2 eixos, rodagem dupla;2 eixos, rodagem dupla;1183931411;22/03/2024;10:43:08;01/01/2000;00:00:00;;22/03/2024;10:43:22;CONCESSIONARIA RODOVIAS DO TIETE S.A;SP 308 - RODOVIA DO ACUCAR (COMENDADOR MARIO DEDINI), 109.3, SUL, SALTO - SP;9;Debito;Passagem Dentro SLA;;;;8002;2;;3;1021;false;4cd97d6a-9dd8-4f50-b423-d004d4567105
05437537000137;AUTO GERAL AUTOPECAS LTDA;229258;1307043884;FLX6991;2 eixos, rodagem dupla;2 eixos, rodagem dupla;1183931411;22/03/2024;09:24:52;01/01/2000;00:00:00;;22/03/2024;09:24:58;CONCESSIONARIA RODOVIAS DO TIETE S.A;SP 308 - RODOVIA DO ACUCAR (COMENDADOR MARIO DEDINI), 109.3, NORTE, SALTO - SP;9;Debito;Passagem Dentro SLA;;;;8001;7;;3;1021;false;d73e61a9-1f87-429d-9fba-495fd8ef01f1
05437537000137;AUTO GERAL AUTOPECAS LTDA;229258;1308209245;FYX6I43;2 eixos rodagem simples;2 eixos rodagem simples;1182838201;22/03/2024;08:27:26;;;;22/03/2024;08:29:31;CONCESSIONARIA DE RODOVIAS DO OESTE DE SAO PAULO VIAOESTE S.A;SP 075, 12.5, SUL, ITU - SP;8,6;Debito;Passagem Fora SLA;;;;154;111;ARTESP;286;1012;true;6467196a-d1c2-4457-9d28-cd23e64a0805
05437537000137;AUTO GERAL AUTOPECAS LTDA;229258;1306978928;QQH3H11;2 eixos, rodagem simples;2 eixos, rodagem simples;1197433079;22/03/2024;08:24:49;01/01/2000;00:00:00;;22/03/2024;08:26:34;CONCESSIONARIA DE RODOVIAS DO OESTE DE SAO PAULO VIAOESTE S.A;SP 280, 74.0, LESTE, ITU - SP;15,2;Debito;Passagem Dentro SLA;;;;143;115;;286;1012;false;aba6acb1-58fb-405c-a6ed-e4e4ea6a04ba
05437537000137;AUTO GERAL AUTOPECAS LTDA;229258;1306935384;DWH6543;2 eixos, rodagem simples;2 eixos, rodagem simples;1129701211;22/03/2024;07:42:34;01/01/2000;00:00:00;;22/03/2024;07:42:54;RODOVIAS DAS COLINAS S.A;SP 280, 111.3, LESTE, BOITUVA - SP;12,4;Debito;Passagem Dentro SLA;;;;2;17;;24;1013;false;4230359d-989a-4e62-9488-8fa22b43086d
05437537000137;AUTO GERAL AUTOPECAS LTDA;229258;1306930780;QUA2G54;2 eixos, rodagem simples;2 eixos, rodagem simples;1131434587;22/03/2024;07:35:00;01/01/2000;00:00:00;;22/03/2024;07:38:19;CONCESSIONARIA DE RODOVIAS DO OESTE DE SAO PAULO VIAOESTE S.A;SP 075, 12.5, SUL, ITU - SP;8,6;Debito;Passagem Fora SLA;;;;154;111;;286;1012;false;ce13d11c-02be-4e93-9aaa-34d3d3e3380a
05437537000137;AUTO GERAL AUTOPECAS LTDA;229258;1306459101;PXD7G42;2 eixos, rodagem simples;2 eixos, rodagem simples;2167066407;21/03/2024;17:34:09;01/01/2000;00:00:00;;21/03/2024;17:34:22;RODOVIAS DAS COLINAS S.A;SP 300, 137.722, OESTE, PORTO FELIZ - SP;9,9;Debito;Passagem Dentro SLA;;;;5;2;;24;1013;false;74d0ea1f-c265-4d91-944e-d3bc51b93839
05437537000137;AUTO GERAL AUTOPECAS LTDA;229258;1306391908;FLX6991;2 eixos, rodagem dupla;2 eixos, rodagem dupla;1183931411;21/03/2024;16:39:30;01/01/2000;00:00:00;;21/03/2024;16:41:32;CONCESSIONARIA DE RODOVIAS DO OESTE DE SAO PAULO VIAOESTE S.A;SP 075, 12.5, SUL, ITU - SP;17,2;Debito;Passagem Fora SLA;;;;154;101;;286;1012;false;e1d89449-9ef7-44c2-af9b-1aa6c936ee55
05437537000137;AUTO GERAL AUTOPECAS LTDA;229258;1306284403;FYX6I43;2 eixos, rodagem simples;2 eixos, rodagem simples;1182838201;21/03/2024;15:17:59;01/01/2000;00:00:00;;21/03/2024;15:19:59;CONCESSIONARIA DE RODOVIAS DO OESTE DE SAO PAULO VIAOESTE S.A;SP 075, 12.5, SUL, ITU - SP;8,6;Debito;Passagem Fora SLA;;;;154;111;;286;1012;false;15fe22f2-0f74-495e-a138-73b9969e52c1
05437537000137;AUTO GERAL AUTOPECAS LTDA;229258;1306206388;PXD7G42;2 eixos, rodagem simples;;2167066407;21/03/2024;13:59:38;01/01/2000;00:00:00;;21/03/2024;13:59:54;RODOVIAS DAS COLINAS S.A;SP 300, 137.722, OESTE, PORTO FELIZ - SP;9,9;Debito;Passagem Dentro SLA;;;;;;;;;;77898908-7b95-439b-9394-3712f103db22
05437537000137;AUTO GERAL AUTOPECAS LTDA;229258;1306035189;FYX6I43;2 eixos, rodagem simples;2 eixos, rodagem simples;1182838201;21/03/2024;11:15:22;01/01/2000;00:00:00;;21/03/2024;11:18:41;CONCESSIONARIA DE RODOVIAS DO OESTE DE SAO PAULO VIAOESTE S.A;SP 075, 12.5, SUL, ITU - SP;8,6;Debito;Passagem Fora SLA;;;;154;111;;286;1012;false;0dd9afa1-c287-4115-bc6d-b013b4d2aef6
05437537000137;AUTO GERAL AUTOPECAS LTDA;229258;1306004909;PXD7G42;2 eixos, rodagem simples;2 eixos, rodagem simples;2167066407;21/03/2024;10:46:14;01/01/2000;00:00:00;;21/03/2024;10:46:22;RODOVIAS DAS COLINAS S.A;SP 300, 137.722, OESTE, PORTO FELIZ - SP;9,9;Debito;Passagem Dentro SLA;;;;5;2;;24;1013;false;5d64774c-03e7-4d3b-9c9a-cd81e04d3379
05437537000137;AUTO GERAL AUTOPECAS LTDA;229258;1305515947;GIA7B06;2 eixos, rodagem simples;2 eixos, rodagem simples;2132631068;21/03/2024;08:22:39;01/01/2000;00:00:00;;21/03/2024;08:24:52;CONCESSIONARIA DE RODOVIAS DO OESTE DE SAO PAULO VIAOESTE S.A;SP 075, 12.5, SUL, ITU - SP;8,6;Debito;Passagem Fora SLA;;;;154;111;;286;1012;false;d7e821dc-b215-4b14-846f-102ea638e32c
05437537000137;AUTO GERAL AUTOPECAS LTDA;229258;1305453009;FLL4673;2 eixos, rodagem simples;2 eixos, rodagem simples;1156734683;21/03/2024;07:38:49;01/01/2000;00:00:00;;21/03/2024;07:39:07;RODOVIAS DAS COLINAS S.A;SP 300, 137.722, OESTE, PORTO FELIZ - SP;9,9;Debito;Passagem Dentro SLA;;;;5;9;;24;1013;false;33c2b49e-bb61-466c-ab70-9beec99dc99d
05437537000137;AUTO GERAL AUTOPECAS LTDA;229258;1305441232;QUA2G54;2 eixos, rodagem simples;2 eixos, rodagem simples;1131434587;21/03/2024;07:25:54;01/01/2000;00:00:00;;21/03/2024;07:27:56;CONCESSIONARIA DE RODOVIAS DO OESTE DE SAO PAULO VIAOESTE S.A;SP 075, 12.5, SUL, ITU - SP;8,6;Debito;Passagem Fora SLA;;;;154;112;;286;1012;false;c930ab8a-8396-4147-84cb-a8e24e00820b
05437537000137;AUTO GERAL AUTOPECAS LTDA;229258;1305900078;FLL4673;2 eixos rodagem simples;2 eixos rodagem simples;1156734683;20/03/2024;18:28:25;;;;20/03/2024;18:28:49;RODOVIAS DAS COLINAS S.A;SP 280, 111.3, LESTE, BOITUVA - SP;12,4;Debito;Passagem Dentro SLA;;;;2;3;ARTESP;24;1013;true;6366d789-b390-40a0-94ca-515810232d8c
05437537000137;AUTO GERAL AUTOPECAS LTDA;229258;1305039058;PXD7G42;2 eixos, rodagem simples;2 eixos, rodagem simples;2167066407;20/03/2024;17:28:46;01/01/2000;00:00:00;;20/03/2024;17:28:59;RODOVIAS DAS COLINAS S.A;SP 300, 137.722, OESTE, PORTO FELIZ - SP;9,9;Debito;Passagem Dentro SLA;;;;5;2;;24;1013;false;96b0ee12-baf4-45b3-950c-48a3b4c4fe04
05437537000137;AUTO GERAL AUTOPECAS LTDA;229258;1304964218;DFJ9195;2 eixos, rodagem simples;2 eixos, rodagem simples;2199910708;20/03/2024;15:30:55;01/01/2000;00:00:00;;20/03/2024;15:32:58;CONCESSIONARIA DE RODOVIAS DO OESTE DE SAO PAULO VIAOESTE S.A;SP 075, 12.5, SUL, ITU - SP;8,6;Debito;Passagem Fora SLA;;;;154;111;;286;1012;false;839a2575-8565-4678-8555-459055a9fbd6
05437537000137;AUTO GERAL AUTOPECAS LTDA;229258;1304955434;GIA7B06;2 eixos, rodagem simples;2 eixos, rodagem simples;2132631068;20/03/2024;15:19:37;01/01/2000;00:00:00;;20/03/2024;15:22:56;CONCESSIONARIA DE RODOVIAS DO OESTE DE SAO PAULO VIAOESTE S.A;SP 075, 12.5, SUL, ITU - SP;8,6;Debito;Passagem Fora SLA;;;;154;112;;286;1012;false;839072fd-9def-4c43-990f-b6ccfe478c30
05437537000137;AUTO GERAL AUTOPECAS LTDA;229258;1304907262;PXD7G42;2 eixos, rodagem simples;2 eixos, rodagem simples;2167066407;20/03/2024;14:01:38;01/01/2000;00:00:00;;20/03/2024;14:01:59;RODOVIAS DAS COLINAS S.A;SP 300, 137.722, OESTE, PORTO FELIZ - SP;9,9;Debito;Passagem Dentro SLA;;;;5;2;;24;1013;false;cef8fcdd-06fa-4cd6-85ed-3d40829f4ce2
05437537000137;AUTO GERAL AUTOPECAS LTDA;229258;1305773966;GIA7B06;2 eixos rodagem simples;2 eixos rodagem simples;2132631068;20/03/2024;11:15:23;;;;20/03/2024;11:18:43;CONCESSIONARIA DE RODOVIAS DO OESTE DE SAO PAULO VIAOESTE S.A;SP 075, 12.5, SUL, ITU - SP;8,6;Debito;Passagem Fora SLA;;;;154;112;ARTESP;286;1012;true;97cc283c-d66b-4efa-a26c-e4fb85d4176e
05437537000137;AUTO GERAL AUTOPECAS LTDA;229258;1304844911;PXD7G42;2 eixos, rodagem simples;2 eixos, rodagem simples;2167066407;20/03/2024;10:56:18;01/01/2000;00:00:00;;20/03/2024;10:56:38;RODOVIAS DAS COLINAS S.A;SP 300, 137.722, OESTE, PORTO FELIZ - SP;9,9;Debito;Passagem Dentro SLA;;;;5;2;;24;1013;false;0673b3ac-f223-454c-9d00-6b48bd7a681e
05437537000137;AUTO GERAL AUTOPECAS LTDA;229258;1304765281;GIA7B06;2 eixos, rodagem simples;2 eixos, rodagem simples;2132631068;20/03/2024;08:16:35;01/01/2000;00:00:00;;20/03/2024;08:18:41;CONCESSIONARIA DE RODOVIAS DO OESTE DE SAO PAULO VIAOESTE S.A;SP 075, 12.5, SUL, ITU - SP;8,6;Debito;Passagem Fora SLA;;;;154;112;;286;1012;false;a3a81215-3622-44fc-8811-7d01539e228c
05437537000137;AUTO GERAL AUTOPECAS LTDA;229258;1304729274;QUA2G54;2 eixos, rodagem simples;2 eixos, rodagem simples;1131434587;20/03/2024;07:33:06;01/01/2000;00:00:00;;20/03/2024;07:35:12;CONCESSIONARIA DE RODOVIAS DO OESTE DE SAO PAULO VIAOESTE S.A;SP 075, 12.5, SUL, ITU - SP;8,6;Debito;Passagem Fora SLA;;;;154;111;;286;1012;false;cdbe8458-0e1b-480a-aaaf-cdffe103825c
05437537000137;AUTO GERAL AUTOPECAS LTDA;229258;1304725318;FLL4673;2 eixos, rodagem simples;2 eixos, rodagem simples;1156734683;20/03/2024;07:32:47;01/01/2000;00:00:00;;20/03/2024;07:33:10;RODOVIAS DAS COLINAS S.A;SP 280, 111.3, LESTE, BOITUVA - SP;12,4;Debito;Passagem Dentro SLA;;;;2;16;;24;1013;false;69509323-cd95-4bfc-9193-9d14bc7f0921
05437537000137;AUTO GERAL AUTOPECAS LTDA;229258;1303998529;FEA0472;2 eixos, rodagem simples;2 eixos, rodagem simples;1168495145;19/03/2024;17:48:21;01/01/2000;00:00:00;;19/03/2024;17:48:47;RODOVIAS DAS COLINAS S.A;SP 300, 137.722, OESTE, PORTO FELIZ - SP;9,9;Debito;Passagem Dentro SLA;;;;5;2;;24;1013;false;837a7756-d204-4701-a26c-dbcee9f27b6d
05437537000137;AUTO GERAL AUTOPECAS LTDA;229258;1303876366;FEA0472;2 eixos, rodagem simples;2 eixos, rodagem simples;1168495145;19/03/2024;16:09:51;01/01/2000;00:00:00;;19/03/2024;16:10:07;RODOVIAS DAS COLINAS S.A;SP 280, 111.3, LESTE, BOITUVA - SP;12,4;Debito;Passagem Dentro SLA;;;;2;17;;24;1013;false;b35356a7-c33e-469b-89b3-d3bae79ca3cd
05437537000137;AUTO GERAL AUTOPECAS LTDA;229258;1303832431;GIA7B06;2 eixos, rodagem simples;2 eixos, rodagem simples;2132631068;19/03/2024;15:28:25;01/01/2000;00:00:00;;19/03/2024;15:30:19;CONCESSIONARIA DE RODOVIAS DO OESTE DE SAO PAULO VIAOESTE S.A;SP 075, 12.5, SUL, ITU - SP;8,6;Debito;Passagem Dentro SLA;;;;154;112;;286;1012;false;59893812-c995-4f21-bd9f-6bfe29060abd
05437537000137;AUTO GERAL AUTOPECAS LTDA;229258;1303719753;PXD7G42;2 eixos, rodagem simples;2 eixos, rodagem simples;2167066407;19/03/2024;13:42:30;01/01/2000;00:00:00;;19/03/2024;13:42:54;RODOVIAS DAS COLINAS S.A;SP 300, 137.722, OESTE, PORTO FELIZ - SP;9,9;Debito;Passagem Dentro SLA;;;;5;2;;24;1013;false;199d82fd-fbc0-4637-9dd4-9e9dadbf9d21
05437537000137;AUTO GERAL AUTOPECAS LTDA;229258;1303654628;ERF3783;2 eixos, rodagem simples;2 eixos, rodagem simples;2130205569;19/03/2024;12:31:00;01/01/2000;00:00:00;;19/03/2024;12:31:27;CONCESSIONARIA DE RODOVIAS DO OESTE DE SAO PAULO VIAOESTE S.A;SP 280, 74.0, LESTE, ITU - SP;15,2;Debito;Passagem Dentro SLA;;;;143;115;;286;1012;false;3bb79ea8-3cfb-4f7d-96bb-1aba92fb945d
05437537000137;AUTO GERAL AUTOPECAS LTDA;229258;1303588209;GIA7B06;2 eixos, rodagem simples;2 eixos, rodagem simples;2132631068;19/03/2024;11:27:51;01/01/2000;00:00:00;;19/03/2024;11:29:45;CONCESSIONARIA DE RODOVIAS DO OESTE DE SAO PAULO VIAOESTE S.A;SP 075, 12.5, SUL, ITU - SP;8,6;Debito;Passagem Dentro SLA;;;;154;101;;286;1012;false;152218c5-c77d-49f8-a5f8-f4b3cfa55809
05437537000137;AUTO GERAL AUTOPECAS LTDA;229258;1304367408;PXD7G42;2 eixos rodagem simples;2 eixos rodagem simples;2167066407;19/03/2024;10:42:11;;;;19/03/2024;10:42:17;RODOVIAS DAS COLINAS S.A;SP 300, 137.722, OESTE, PORTO FELIZ - SP;9,9;Debito;Passagem Dentro SLA;;;;5;2;ARTESP;24;1013;true;2b2e39ed-dac1-4eb0-866c-8c75b4fd2d68
05437537000137;AUTO GERAL AUTOPECAS LTDA;229258;1303401563;GIA7B06;2 eixos, rodagem simples;2 eixos, rodagem simples;2132631068;19/03/2024;08:20:13;01/01/2000;00:00:00;;19/03/2024;08:22:09;CONCESSIONARIA DE RODOVIAS DO OESTE DE SAO PAULO VIAOESTE S.A;SP 075, 12.5, SUL, ITU - SP;8,6;Debito;Passagem Dentro SLA;;;;154;112;;286;1012;false;f13c2398-f7fd-48f5-8067-221966b1e8a3
05437537000137;AUTO GERAL AUTOPECAS LTDA;229258;1303339491;PWS9889;2 eixos, rodagem simples;2 eixos, rodagem simples;2139267956;19/03/2024;07:20:46;01/01/2000;00:00:00;;19/03/2024;07:24:01;CONCESSIONARIA DE RODOVIAS DO OESTE DE SAO PAULO VIAOESTE S.A;SP 075, 12.5, SUL, ITU - SP;8,6;Debito;Passagem Fora SLA;;;;154;111;;286;1012;false;6589dd95-0a5f-4255-a2c3-8d6da07bb1fa
05437537000137;AUTO GERAL AUTOPECAS LTDA;229258;1302904859;FLL4673;2 eixos, rodagem simples;2 eixos, rodagem simples;1156734683;18/03/2024;18:24:20;01/01/2000;00:00:00;;18/03/2024;18:24:49;RODOVIAS DAS COLINAS S.A;SP 300, 137.722, OESTE, PORTO FELIZ - SP;9,9;Debito;Passagem Dentro SLA;;;;5;2;;24;1013;false;e13e8478-86a1-43b1-9b16-ffb03eee7380
05437537000137;AUTO GERAL AUTOPECAS LTDA;229258;1302846115;PXD7G42;2 eixos, rodagem simples;2 eixos, rodagem simples;2167066407;18/03/2024;17:31:56;01/01/2000;00:00:00;;18/03/2024;17:32:20;RODOVIAS DAS COLINAS S.A;SP 300, 137.722, OESTE, PORTO FELIZ - SP;9,9;Debito;Passagem Dentro SLA;;;;5;2;;24;1013;false;3258dc3a-a199-437c-a7d1-9aa7dd0261a3
05437537000137;AUTO GERAL AUTOPECAS LTDA;229258;1303173195;GIA7B06;2 eixos rodagem simples;2 eixos rodagem simples;2132631068;18/03/2024;15:26:43;;;;18/03/2024;15:35:03;CONCESSIONARIA DE RODOVIAS DO OESTE DE SAO PAULO VIAOESTE S.A;SP 075, 12.5, SUL, ITU - SP;8,6;Debito;Passagem Fora SLA;;;;154;112;ARTESP;286;1012;true;76738532-2eb1-4ddc-857f-6cd5ae0341bc
05437537000137;AUTO GERAL AUTOPECAS LTDA;229258;1302632834;PXD7G42;2 eixos, rodagem simples;2 eixos, rodagem simples;2167066407;18/03/2024;14:17:21;01/01/2000;00:00:00;;18/03/2024;14:18:38;RODOVIAS DAS COLINAS S.A;SP 300, 137.722, OESTE, PORTO FELIZ - SP;9,9;Debito;Passagem Dentro SLA;;;;5;2;;24;1013;false;2464632b-eda1-4fd0-a120-622b5b5fc299
05437537000137;AUTO GERAL AUTOPECAS LTDA;229258;1302586567;PWS9889;2 eixos, rodagem simples;2 eixos, rodagem simples;2139267956;18/03/2024;13:49:57;01/01/2000;00:00:00;;18/03/2024;13:50:27;CONCESSIONARIA DE RODOVIAS DO OESTE DE SAO PAULO VIAOESTE S.A;SP 270, 111.0, LESTE, ARACOIABA DA SERRA - SP;5,1;Debito;Passagem Dentro SLA;;;;183;101;;286;1012;false;aa44efa2-bd24-4b59-864f-610fa5cd525e
05437537000137;AUTO GERAL AUTOPECAS LTDA;229258;1302562778;PWS9889;2 eixos, rodagem simples;2 eixos, rodagem simples;2139267956;18/03/2024;13:25:31;01/01/2000;00:00:00;;18/03/2024;13:27:14;CONCESSIONARIA DE RODOVIAS DO OESTE DE SAO PAULO VIAOESTE S.A;SP 270, 111.0, OESTE, ARACOIABA DA SERRA - SP;5,1;Debito;Passagem Dentro SLA;;;;184;102;;286;1012;false;cf92e177-66ea-4f04-9ece-de6b8154ffff
05437537000137;AUTO GERAL AUTOPECAS LTDA;229258;1302502042;GFB8C62;2 eixos, rodagem simples;2 eixos, rodagem simples;2172222668;18/03/2024;12:28:25;01/01/2000;00:00:00;;18/03/2024;12:28:44;CONCESSIONARIA RODOVIAS DO TIETE S.A;SP 300 - RODOVIA MARECHAL RONDON, 192.1, LESTE, CONCHAS - SP;8,9;Debito;Passagem Dentro SLA;;;;3001;7;;3;1021;false;18237280-bb86-4dbc-affa-64fbf21cfdf1
05437537000137;AUTO GERAL AUTOPECAS LTDA;229258;1302453267;GIA7B06;2 eixos, rodagem simples;2 eixos, rodagem simples;2132631068;18/03/2024;11:31:52;01/01/2000;00:00:00;;18/03/2024;11:33:54;CONCESSIONARIA DE RODOVIAS DO OESTE DE SAO PAULO VIAOESTE S.A;SP 075, 12.5, SUL, ITU - SP;8,6;Debito;Passagem Fora SLA;;;;154;111;;286;1012;false;48606d39-2dbd-42cd-8975-9576e9b91c04
05437537000137;AUTO GERAL AUTOPECAS LTDA;229258;1302434164;PXD7G42;2 eixos, rodagem simples;2 eixos, rodagem simples;2167066407;18/03/2024;10:51:52;01/01/2000;00:00:00;;18/03/2024;11:12:49;RODOVIAS DAS COLINAS S.A;SP 300, 137.722, OESTE, PORTO FELIZ - SP;9,9;Debito;Passagem Fora SLA;;;;5;2;;24;1013;false;3ba0ec31-4ddc-4974-8f15-8e5d326327c1
05437537000137;AUTO GERAL AUTOPECAS LTDA;229258;1302251013;GIA7B06;2 eixos, rodagem simples;2 eixos, rodagem simples;2132631068;18/03/2024;08:19:31;01/01/2000;00:00:00;;18/03/2024;08:21:22;CONCESSIONARIA DE RODOVIAS DO OESTE DE SAO PAULO VIAOESTE S.A;SP 075, 12.5, SUL, ITU - SP;8,6;Debito;Passagem Dentro SLA;;;;154;111;;286;1012;false;1a65db13-90e8-4f5a-b385-92895a1c13d6
05437537000137;AUTO GERAL AUTOPECAS LTDA;229258;1302187975;PWS9889;2 eixos, rodagem simples;2 eixos, rodagem simples;2139267956;18/03/2024;07:28:22;01/01/2000;00:00:00;;18/03/2024;07:30:17;CONCESSIONARIA DE RODOVIAS DO OESTE DE SAO PAULO VIAOESTE S.A;SP 075, 12.5, SUL, ITU - SP;8,6;Debito;Passagem Dentro SLA;;;;154;112;;286;1012;false;e4b4346a-d6f6-4c2b-9120-23aec741261a
05437537000137;AUTO GERAL AUTOPECAS LTDA;229258;1302181397;FLL4673;2 eixos, rodagem simples;2 eixos, rodagem simples;1156734683;18/03/2024;07:23:09;01/01/2000;00:00:00;;18/03/2024;07:23:33;RODOVIAS DAS COLINAS S.A;SP 300, 137.722, OESTE, PORTO FELIZ - SP;9,9;Debito;Passagem Dentro SLA;;;;5;9;;24;1013;false;b407fd90-b771-4cf4-b6ae-6f2eb7ec014e
05437537000137;AUTO GERAL AUTOPECAS LTDA;229258;1300173884;FLL4673;2 eixos, rodagem simples;2 eixos, rodagem simples;1156734683;16/03/2024;12:17:52;01/01/2000;00:00:00;;16/03/2024;12:18:01;RODOVIAS DAS COLINAS S.A;SP 280, 111.3, LESTE, BOITUVA - SP;12,4;Debito;Passagem Dentro SLA;;;;2;3;;24;1013;false;03bb8b51-70ab-4997-849f-5d9c2a23d56d
05437537000137;AUTO GERAL AUTOPECAS LTDA;229258;1299877665;FLL4673;2 eixos, rodagem simples;2 eixos, rodagem simples;1156734683;16/03/2024;07:15:46;01/01/2000;00:00:00;;16/03/2024;07:16:07;RODOVIAS DAS COLINAS S.A;SP 280, 111.3, LESTE, BOITUVA - SP;12,4;Debito;Passagem Dentro SLA;;;;2;16;;24;1013;false;cbb5a335-bd95-4b00-89a2-1b1cadf0bf7f
05437537000137;AUTO GERAL AUTOPECAS LTDA;229258;1299219290;FLL4673;2 eixos, rodagem simples;2 eixos, rodagem simples;1156734683;15/03/2024;17:41:08;01/01/2000;00:00:00;;15/03/2024;17:41:26;RODOVIAS DAS COLINAS S.A;SP 300, 137.722, OESTE, PORTO FELIZ - SP;9,9;Debito;Passagem Dentro SLA;;;;5;2;;24;1013;false;f390d7dd-31c5-4246-9bd1-2f3d06e98e2b
05437537000137;AUTO GERAL AUTOPECAS LTDA;229258;1299217875;PXD7G42;2 eixos, rodagem simples;2 eixos, rodagem simples;2167066407;15/03/2024;17:40:18;01/01/2000;00:00:00;;15/03/2024;17:40:22;RODOVIAS DAS COLINAS S.A;SP 300, 137.722, OESTE, PORTO FELIZ - SP;9,9;Debito;Passagem Dentro SLA;;;;5;2;;24;1013;false;1d56d569-3cdc-412c-9b12-7c5579d2c815
05437537000137;AUTO GERAL AUTOPECAS LTDA;229258;1298893403;GIA7B06;2 eixos, rodagem simples;2 eixos, rodagem simples;2132631068;15/03/2024;15:16:34;01/01/2000;00:00:00;;15/03/2024;15:18:23;CONCESSIONARIA DE RODOVIAS DO OESTE DE SAO PAULO VIAOESTE S.A;SP 075, 12.5, SUL, ITU - SP;8,6;Debito;Passagem Dentro SLA;;;;154;112;;286;1012;false;ba9f4a65-966f-4f00-9966-9d120338088d
05437537000137;AUTO GERAL AUTOPECAS LTDA;229258;1298783670;PXD7G42;2 eixos, rodagem simples;2 eixos, rodagem simples;2167066407;15/03/2024;13:52:24;01/01/2000;00:00:00;;15/03/2024;13:52:42;RODOVIAS DAS COLINAS S.A;SP 300, 137.722, OESTE, PORTO FELIZ - SP;9,9;Debito;Passagem Dentro SLA;;;;5;2;;24;1013;false;f91a2203-b52b-4ecd-a944-3b9049326498
05437537000137;AUTO GERAL AUTOPECAS LTDA;229258;1298634965;GIA7B06;2 eixos, rodagem simples;2 eixos, rodagem simples;2132631068;15/03/2024;11:23:22;01/01/2000;00:00:00;;15/03/2024;11:25:06;CONCESSIONARIA DE RODOVIAS DO OESTE DE SAO PAULO VIAOESTE S.A;SP 075, 12.5, SUL, ITU - SP;8,6;Debito;Passagem Dentro SLA;;;;154;112;;286;1012;false;88011562-f9d7-42f0-92c9-ee9e71e62c94
05437537000137;AUTO GERAL AUTOPECAS LTDA;229258;1299751110;PXD7G42;2 eixos rodagem simples;2 eixos rodagem simples;2167066407;15/03/2024;10:45:09;;;;15/03/2024;10:45:14;RODOVIAS DAS COLINAS S.A;SP 300, 137.722, OESTE, PORTO FELIZ - SP;9,9;Debito;Passagem Dentro SLA;;;;5;2;ARTESP;24;1013;true;57cf553f-7c4a-4c41-bf91-e75c10d3cbab
05437537000137;AUTO GERAL AUTOPECAS LTDA;229258;1298538893;GIY1B04;2 eixos, rodagem simples;2 eixos, rodagem simples;1172923315;15/03/2024;09:49:28;01/01/2000;00:00:00;;15/03/2024;09:50:02;CONCESSIONARIA DE RODOVIAS DO OESTE DE SAO PAULO VIAOESTE S.A;SP 280, 74.0, LESTE, ITU - SP;15,2;Debito;Passagem Dentro SLA;;;;143;102;;286;1012;false;3a2c2237-376e-4422-b97d-67ab692a2811
05437537000137;AUTO GERAL AUTOPECAS LTDA;229258;1298472445;GIA7B06;2 eixos, rodagem simples;2 eixos, rodagem simples;2132631068;15/03/2024;08:21:07;01/01/2000;00:00:00;;15/03/2024;08:22:53;CONCESSIONARIA DE RODOVIAS DO OESTE DE SAO PAULO VIAOESTE S.A;SP 075, 12.5, SUL, ITU - SP;8,6;Debito;Passagem Dentro SLA;;;;154;112;;286;1012;false;abcea65a-f125-4f4a-98d4-2236fcfd7bf2
05437537000137;AUTO GERAL AUTOPECAS LTDA;229258;1298420816;PWS9889;2 eixos, rodagem simples;2 eixos, rodagem simples;2139267956;15/03/2024;07:29:58;01/01/2000;00:00:00;;15/03/2024;07:33:04;CONCESSIONARIA DE RODOVIAS DO OESTE DE SAO PAULO VIAOESTE S.A;SP 075, 12.5, SUL, ITU - SP;8,6;Debito;Passagem Fora SLA;;;;154;112;;286;1012;false;773ef6ea-d229-4df4-b8cb-73de9b65b7d1
05437537000137;AUTO GERAL AUTOPECAS LTDA;229258;1298412650;FLL4673;2 eixos, rodagem simples;2 eixos, rodagem simples;1156734683;15/03/2024;07:23:04;01/01/2000;00:00:00;;15/03/2024;07:23:25;RODOVIAS DAS COLINAS S.A;SP 300, 137.722, OESTE, PORTO FELIZ - SP;9,9;Debito;Passagem Dentro SLA;;;;5;9;;24;1013;false;d9c896e0-d50d-432b-842d-8f020d2ed828
05437537000137;AUTO GERAL AUTOPECAS LTDA;229258;1297941153;FLL4673;2 eixos, rodagem simples;2 eixos, rodagem simples;1156734683;14/03/2024;18:21:29;01/01/2000;00:00:00;;14/03/2024;18:21:54;RODOVIAS DAS COLINAS S.A;SP 280, 111.3, LESTE, BOITUVA - SP;12,4;Debito;Passagem Dentro SLA;;;;2;3;;24;1013;false;6210a37e-e21c-475d-abe1-fc9cb2212573
05437537000137;AUTO GERAL AUTOPECAS LTDA;229258;1298315124;PXD7G42;2 eixos rodagem simples;2 eixos rodagem simples;2167066407;14/03/2024;17:29:48;;;;14/03/2024;17:30:06;RODOVIAS DAS COLINAS S.A;SP 300, 137.722, OESTE, PORTO FELIZ - SP;9,9;Debito;Passagem Dentro SLA;;;;5;2;ARTESP;24;1013;true;d0a09c87-b951-4dfa-b53f-59547b75becb
05437537000137;AUTO GERAL AUTOPECAS LTDA;229258;1297867364;DFJ9195;2 eixos, rodagem simples;2 eixos, rodagem simples;2199910708;14/03/2024;17:16:53;01/01/2000;00:00:00;;14/03/2024;17:18:35;CONCESSIONARIA DE RODOVIAS DO OESTE DE SAO PAULO VIAOESTE S.A;SP 075, 12.5, SUL, ITU - SP;8,6;Debito;Passagem Dentro SLA;;;;154;112;;286;1012;false;37a328b5-a3eb-4adc-b72e-03927866c322
05437537000137;AUTO GERAL AUTOPECAS LTDA;229258;1297848226;EIB4306;2 eixos, rodagem simples;2 eixos, rodagem simples;2121444395;14/03/2024;17:03:17;01/01/2000;00:00:00;;14/03/2024;17:03:26;RODOVIAS DAS COLINAS S.A;SP 300, 76.3, LESTE, ITUPEVA - SP;9,5;Debito;Passagem Dentro SLA;PLACA EIB4D06;;;3;11;;24;1013;false;066083aa-94b6-4e04-a029-f8c41ba65121
05437537000137;AUTO GERAL AUTOPECAS LTDA;229258;1297666272;GIA7B06;2 eixos, rodagem simples;2 eixos, rodagem simples;2132631068;14/03/2024;15:14:26;01/01/2000;00:00:00;;14/03/2024;15:17:31;CONCESSIONARIA DE RODOVIAS DO OESTE DE SAO PAULO VIAOESTE S.A;SP 075, 12.5, SUL, ITU - SP;8,6;Debito;Passagem Fora SLA;;;;154;112;;286;1012;false;aa67ce2c-081d-466f-9acf-73b9370dfc35
05437537000137;AUTO GERAL AUTOPECAS LTDA;229258;1297572992;PXD7G42;2 eixos, rodagem simples;2 eixos, rodagem simples;2167066407;14/03/2024;13:51:35;01/01/2000;00:00:00;;14/03/2024;13:51:47;RODOVIAS DAS COLINAS S.A;SP 300, 137.722, OESTE, PORTO FELIZ - SP;9,9;Debito;Passagem Dentro SLA;;;;5;2;;24;1013;false;f159fdc2-f476-4eaf-b61d-5bbeeffb1514
05437537000137;AUTO GERAL AUTOPECAS LTDA;229258;1297463983;GIY1B04;2 eixos, rodagem simples;2 eixos, rodagem simples;1172923315;14/03/2024;11:59:18;01/01/2000;00:00:00;;14/03/2024;11:59:51;CONCESSIONARIA DE RODOVIAS DO OESTE DE SAO PAULO VIAOESTE S.A;SP 280, 74.0, LESTE, ITU - SP;15,2;Debito;Passagem Dentro SLA;;;;143;116;;286;1012;false;33defad4-b34e-4fa9-a3c7-8290f1d0efda
05437537000137;AUTO GERAL AUTOPECAS LTDA;229258;1297421646;GIA7B06;2 eixos, rodagem simples;2 eixos, rodagem simples;2132631068;14/03/2024;11:17:50;01/01/2000;00:00:00;;14/03/2024;11:20:54;CONCESSIONARIA DE RODOVIAS DO OESTE DE SAO PAULO VIAOESTE S.A;SP 075, 12.5, SUL, ITU - SP;8,6;Debito;Passagem Fora SLA;;;;154;112;;286;1012;false;dc166168-db14-430e-9706-df5437714dec
05437537000137;AUTO GERAL AUTOPECAS LTDA;229258;1297401368;PXD7G42;2 eixos, rodagem simples;2 eixos, rodagem simples;2167066407;14/03/2024;11:00:10;01/01/2000;00:00:00;;14/03/2024;11:00:31;RODOVIAS DAS COLINAS S.A;SP 300, 137.722, OESTE, PORTO FELIZ - SP;9,9;Debito;Passagem Dentro SLA;;;;5;3;;24;1013;false;d16c12ef-82f3-4ea2-a2d3-9ab5dd62e1fd
05437537000137;AUTO GERAL AUTOPECAS LTDA;229258;1297338663;EIB4306;2 eixos, rodagem simples;2 eixos, rodagem simples;2121444395;14/03/2024;09:54:15;01/01/2000;00:00:00;;14/03/2024;09:54:38;RODOVIAS DAS COLINAS S.A;SP 300, 76.3, LESTE, ITUPEVA - SP;9,5;Debito;Passagem Dentro SLA;PLACA EIB4D06;;;3;3;;24;1013;false;3cfe86ee-da5c-472c-ae97-637b0e6ce8dd
05437537000137;AUTO GERAL AUTOPECAS LTDA;229258;1297247531;GIA7B06;2 eixos, rodagem simples;2 eixos, rodagem simples;2132631068;14/03/2024;08:21:38;01/01/2000;00:00:00;;14/03/2024;08:24:44;CONCESSIONARIA DE RODOVIAS DO OESTE DE SAO PAULO VIAOESTE S.A;SP 075, 12.5, SUL, ITU - SP;8,6;Debito;Passagem Fora SLA;;;;154;111;;286;1012;false;ad939c3c-628a-4a29-8a6e-825e21d1a6ce
05437537000137;AUTO GERAL AUTOPECAS LTDA;229258;1297191371;PWS9889;2 eixos, rodagem simples;2 eixos, rodagem simples;2139267956;14/03/2024;07:30:43;01/01/2000;00:00:00;;14/03/2024;07:32:26;CONCESSIONARIA DE RODOVIAS DO OESTE DE SAO PAULO VIAOESTE S.A;SP 075, 12.5, SUL, ITU - SP;8,6;Debito;Passagem Dentro SLA;;;;154;112;;286;1012;false;27665f1c-76dd-4fb8-be57-cbe8a146562e
05437537000137;AUTO GERAL AUTOPECAS LTDA;229258;1297189046;FLL4673;2 eixos, rodagem simples;2 eixos, rodagem simples;1156734683;14/03/2024;07:29:45;01/01/2000;00:00:00;;14/03/2024;07:29:55;RODOVIAS DAS COLINAS S.A;SP 300, 137.722, OESTE, PORTO FELIZ - SP;9,9;Debito;Passagem Dentro SLA;;;;5;9;;24;1013;false;70e9518a-319f-4ced-b459-ac87df0ffdbd
05437537000137;AUTO GERAL AUTOPECAS LTDA;229258;1297128017;FLL4673;Sem categoria/categoria desconhecida;;;13/03/2024;18:23:48;;;;13/03/2024;18:23:56;;SP 280, 111.3, LESTE, BOITUVA - SP;12,4;Debito;Passagem Dentro SLA;;;;;;;;;;e5f5f955-32e7-40c1-be07-0628a1f4e8a5
05437537000137;AUTO GERAL AUTOPECAS LTDA;229258;1296515731;EIB4306;2 eixos, rodagem simples;2 eixos, rodagem simples;2121444395;13/03/2024;17:45:00;01/01/2000;00:00:00;;13/03/2024;17:45:13;RODOVIAS DAS COLINAS S.A;SP 300, 76.3, LESTE, ITUPEVA - SP;9,5;Debito;Passagem Dentro SLA;PLACA EIB4D06;;;3;10;;24;1013;false;872704cf-8df3-4960-9cfd-10c40d108283
05437537000137;AUTO GERAL AUTOPECAS LTDA;229258;1296444678;PXD7G42;2 eixos, rodagem simples;2 eixos, rodagem simples;2167066407;13/03/2024;17:27:54;01/01/2000;00:00:00;;13/03/2024;17:28:11;RODOVIAS DAS COLINAS S.A;SP 300, 137.722, OESTE, PORTO FELIZ - SP;9,9;Debito;Passagem Dentro SLA;;;;5;2;;24;1013;false;7b12dab5-d7b8-40a8-9b5d-95020e358026
05437537000137;AUTO GERAL AUTOPECAS LTDA;229258;1296305346;GIA7B06;2 eixos, rodagem simples;2 eixos, rodagem simples;2132631068;13/03/2024;15:32:04;01/01/2000;00:00:00;;13/03/2024;15:33:44;CONCESSIONARIA DE RODOVIAS DO OESTE DE SAO PAULO VIAOESTE S.A;SP 075, 12.5, SUL, ITU - SP;8,6;Debito;Passagem Dentro SLA;;;;154;112;;286;1012;false;79e79d47-fb02-4ad4-9d08-56c2359ffbc0
05437537000137;AUTO GERAL AUTOPECAS LTDA;229258;1296234786;GIY1B04;2 eixos, rodagem simples;2 eixos, rodagem simples;1172923315;13/03/2024;14:25:01;01/01/2000;00:00:00;;13/03/2024;14:26:53;CONCESSIONARIA DE RODOVIAS DO OESTE DE SAO PAULO VIAOESTE S.A;SP 280, 74.0, LESTE, ITU - SP;15,2;Debito;Passagem Dentro SLA;;;;143;116;;286;1012;false;498a33f8-128e-4f48-a600-860435c397bf
05437537000137;AUTO GERAL AUTOPECAS LTDA;229258;1296194038;PXD7G42;2 eixos, rodagem simples;2 eixos, rodagem simples;2167066407;13/03/2024;13:42:57;01/01/2000;00:00:00;;13/03/2024;13:43:10;RODOVIAS DAS COLINAS S.A;SP 300, 137.722, OESTE, PORTO FELIZ - SP;9,9;Debito;Passagem Dentro SLA;;;;5;2;;24;1013;false;f262b7d6-a269-48b2-81c4-e43f185a5177
05437537000137;AUTO GERAL AUTOPECAS LTDA;229258;1296053537;GIA7B06;2 eixos, rodagem simples;2 eixos, rodagem simples;2132631068;13/03/2024;11:15:24;01/01/2000;00:00:00;;13/03/2024;11:17:04;CONCESSIONARIA DE RODOVIAS DO OESTE DE SAO PAULO VIAOESTE S.A;SP 075, 12.5, SUL, ITU - SP;8,6;Debito;Passagem Dentro SLA;;;;154;111;;286;1012;false;1138677e-7a62-45f0-abda-5f94ef873797
05437537000137;AUTO GERAL AUTOPECAS LTDA;229258;1296034972;BQU4D69;2 eixos, rodagem simples;2 eixos, rodagem simples;1130525385;13/03/2024;10:53:28;01/01/2000;00:00:00;;13/03/2024;10:53:44;RODOVIAS INTEGRADAS DO OESTE S.A;SP 280, 158.3, OESTE, QUADRA - SP;17,5;Debito;Passagem Dentro SLA;;;;114;116;;305;1020;false;1d0d364e-f5a8-445a-8ec3-ba70cc8065fd
05437537000137;AUTO GERAL AUTOPECAS LTDA;229258;1296023541;PXD7G42;2 eixos, rodagem simples;2 eixos, rodagem simples;2167066407;13/03/2024;10:39:51;01/01/2000;00:00:00;;13/03/2024;10:40:14;RODOVIAS DAS COLINAS S.A;SP 300, 137.722, OESTE, PORTO FELIZ - SP;9,9;Debito;Passagem Dentro SLA;;;;5;2;;24;1013;false;1eced27e-f3a5-44e9-84da-ef621424741a
05437537000137;AUTO GERAL AUTOPECAS LTDA;229258;1296021850;DFJ9195;2 eixos, rodagem simples;2 eixos, rodagem simples;2199910708;13/03/2024;10:38:08;01/01/2000;00:00:00;;13/03/2024;10:38:27;RODOVIAS DAS COLINAS S.A;SP 280, 111.3, LESTE, BOITUVA - SP;12,4;Debito;Passagem Dentro SLA;;;;2;3;;24;1013;false;f53c2a2b-c53e-4ef1-b2b5-4b43a9dcf97b
05437537000137;AUTO GERAL AUTOPECAS LTDA;229258;1295992875;DFJ9195;2 eixos, rodagem simples;2 eixos, rodagem simples;2199910708;13/03/2024;10:07:01;01/01/2000;00:00:00;;13/03/2024;10:07:28;RODOVIAS DAS COLINAS S.A;SP 280, 111.3, LESTE, BOITUVA - SP;12,4;Debito;Passagem Dentro SLA;;;;2;16;;24;1013;false;3b13722b-762d-4be0-8d1f-896d8a0107e7
05437537000137;AUTO GERAL AUTOPECAS LTDA;229258;1295977608;ERF3783;2 eixos, rodagem simples;2 eixos, rodagem simples;2130205569;13/03/2024;09:54:57;01/01/2000;00:00:00;;13/03/2024;09:55:23;CONCESSIONARIA DE RODOVIAS DO OESTE DE SAO PAULO VIAOESTE S.A;SP 280, 74.0, LESTE, ITU - SP;15,2;Debito;Passagem Dentro SLA;;;;143;116;;286;1012;false;5420ed13-6703-4b8a-a7fd-043c18966316
05437537000137;AUTO GERAL AUTOPECAS LTDA;229258;1295975591;EIB4306;2 eixos, rodagem simples;2 eixos, rodagem simples;2121444395;13/03/2024;09:53:05;01/01/2000;00:00:00;;13/03/2024;09:53:19;RODOVIAS DAS COLINAS S.A;SP 300, 76.3, LESTE, ITUPEVA - SP;9,5;Debito;Passagem Dentro SLA;PLACA EIB4D06;;;3;3;;24;1013;false;a9f8da1c-fa2e-45b7-9753-392fd40bce0e
05437537000137;AUTO GERAL AUTOPECAS LTDA;229258;1307285168;GIA7B06;2 eixos, rodagem simples;2 eixos, rodagem simples;2132631068;13/03/2024;08:17:08;01/01/2000;00:00:00;;22/03/2024;11:10:03;CONCESSIONARIA DE RODOVIAS DO OESTE DE SAO PAULO VIAOESTE S.A;SP 075, 12.5, SUL, ITU - SP;8,6;Debito;Passagem Fora SLA;;;;154;112;;286;1012;false;a6cac460-5201-4781-803b-a9c61205ebbe
05437537000137;AUTO GERAL AUTOPECAS LTDA;229258;1295874648;FLL4673;2 eixos, rodagem simples;2 eixos, rodagem simples;1156734683;13/03/2024;07:38:25;01/01/2000;00:00:00;;13/03/2024;07:38:42;RODOVIAS DAS COLINAS S.A;SP 280, 111.3, LESTE, BOITUVA - SP;12,4;Debito;Passagem Dentro SLA;;;;2;17;;24;1013;false;f1cd8f19-5644-4f5a-95db-af88532ab245
05437537000137;AUTO GERAL AUTOPECAS LTDA;229258;1295863857;PWS9889;2 eixos, rodagem simples;2 eixos, rodagem simples;2139267956;13/03/2024;07:25:02;01/01/2000;00:00:00;;13/03/2024;07:28:04;CONCESSIONARIA DE RODOVIAS DO OESTE DE SAO PAULO VIAOESTE S.A;SP 075, 12.5, SUL, ITU - SP;8,6;Debito;Passagem Fora SLA;;;;154;111;;286;1012;false;7f72b65b-07dd-4840-b57c-e398449561db
05437537000137;AUTO GERAL AUTOPECAS LTDA;229258;1295493112;FLL4673;2 eixos, rodagem simples;2 eixos, rodagem simples;1156734683;12/03/2024;18:34:53;01/01/2000;00:00:00;;12/03/2024;18:35:07;RODOVIAS DAS COLINAS S.A;SP 300, 137.722, OESTE, PORTO FELIZ - SP;9,9;Debito;Passagem Dentro SLA;;;;5;2;;24;1013;false;1a6ab992-03e3-41ae-a4be-9c22d751bc00
05437537000137;AUTO GERAL AUTOPECAS LTDA;229258;1295398746;PXD7G42;2 eixos, rodagem simples;2 eixos, rodagem simples;2167066407;12/03/2024;17:20:54;01/01/2000;00:00:00;;12/03/2024;17:21:16;RODOVIAS DAS COLINAS S.A;SP 300, 137.722, OESTE, PORTO FELIZ - SP;9,9;Debito;Passagem Dentro SLA;;;;5;2;;24;1013;false;1c873b22-f9bd-4560-b4c4-52dee119dea9
05437537000137;AUTO GERAL AUTOPECAS LTDA;229258;1295392106;DFJ9195;2 eixos, rodagem simples;2 eixos, rodagem simples;2199910708;12/03/2024;17:13:12;01/01/2000;00:00:00;;12/03/2024;17:14:51;CONCESSIONARIA DE RODOVIAS DO OESTE DE SAO PAULO VIAOESTE S.A;SP 075, 12.5, SUL, ITU - SP;8,6;Debito;Passagem Dentro SLA;;;;154;111;;286;1012;false;d2e24265-b66a-4e4e-8d3a-a6a23898b32e
05437537000137;AUTO GERAL AUTOPECAS LTDA;229258;1295205215;543772;;;;12/03/2024;15:34:51;01/01/2000;00:00:00;;12/03/2024;15:34:51;;Automatica-CARTAO_DE_CREDITO;1000;Credito;Recarga Automatica;;;;;;;;;;92a024be-584e-4275-b4c9-9323f8385109
05437537000137;AUTO GERAL AUTOPECAS LTDA;229258;1296782626;EIB4306;2 eixos rodagem simples;2 eixos rodagem simples;2121444395;12/03/2024;15:33:51;;;;12/03/2024;15:34:10;RODOVIAS DAS COLINAS S.A;SP 300, 76.3, LESTE, ITUPEVA - SP;9,5;Debito;Passagem Dentro SLA;;;;3;11;ARTESP;24;1013;true;06e54f72-b525-46fe-aa68-29bb7bc84b1c
05437537000137;AUTO GERAL AUTOPECAS LTDA;229258;1295199289;GIA7B06;2 eixos, rodagem simples;2 eixos, rodagem simples;2132631068;12/03/2024;15:24:06;01/01/2000;00:00:00;;12/03/2024;15:27:11;CONCESSIONARIA DE RODOVIAS DO OESTE DE SAO PAULO VIAOESTE S.A;SP 075, 12.5, SUL, ITU - SP;8,6;Debito;Passagem Fora SLA;;;;154;111;;286;1012;false;31bcdd6e-e9c1-41b3-9a2a-9bf2d3841fbd
05437537000137;AUTO GERAL AUTOPECAS LTDA;229258;1295101360;PXD7G42;2 eixos, rodagem simples;2 eixos, rodagem simples;2167066407;12/03/2024;13:54:14;01/01/2000;00:00:00;;12/03/2024;13:54:39;RODOVIAS DAS COLINAS S.A;SP 300, 137.722, OESTE, PORTO FELIZ - SP;9,9;Debito;Passagem Dentro SLA;;;;5;3;;24;1013;false;9f71cae2-552c-49ec-81d2-f86c1f0d4c68
05437537000137;AUTO GERAL AUTOPECAS LTDA;229258;1294960735;GIA7B06;2 eixos, rodagem simples;2 eixos, rodagem simples;2132631068;12/03/2024;11:24:48;01/01/2000;00:00:00;;12/03/2024;11:27:25;CONCESSIONARIA DE RODOVIAS DO OESTE DE SAO PAULO VIAOESTE S.A;SP 075, 12.5, SUL, ITU - SP;8,6;Debito;Passagem Fora SLA;;;;154;111;;286;1012;false;0caec870-3850-4f3f-86ac-03cebb5dd8d1
05437537000137;AUTO GERAL AUTOPECAS LTDA;229258;1294939437;PXD7G42;2 eixos, rodagem simples;2 eixos, rodagem simples;2167066407;12/03/2024;11:04:38;01/01/2000;00:00:00;;12/03/2024;11:04:47;RODOVIAS DAS COLINAS S.A;SP 300, 137.722, OESTE, PORTO FELIZ - SP;9,9;Debito;Passagem Dentro SLA;;;;5;2;;24;1013;false;a7bbb142-8648-45e5-be68-307f9456744a
05437537000137;AUTO GERAL AUTOPECAS LTDA;229258;1294922723;EIB4306;2 eixos, rodagem simples;2 eixos, rodagem simples;2121444395;12/03/2024;10:46:52;01/01/2000;00:00:00;;12/03/2024;10:47:05;RODOVIAS DAS COLINAS S.A;SP 300, 76.3, LESTE, ITUPEVA - SP;9,5;Debito;Passagem Dentro SLA;PLACA EIB4D06;;;3;3;;24;1013;false;4d0c1b8d-b22c-4dec-b4e3-9d628e8b31c9
05437537000137;AUTO GERAL AUTOPECAS LTDA;229258;1294782779;GIA7B06;2 eixos, rodagem simples;2 eixos, rodagem simples;2132631068;12/03/2024;08:19:48;01/01/2000;00:00:00;;12/03/2024;08:22:27;CONCESSIONARIA DE RODOVIAS DO OESTE DE SAO PAULO VIAOESTE S.A;SP 075, 12.5, SUL, ITU - SP;8,6;Debito;Passagem Fora SLA;;;;154;111;;286;1012;false;d64ca5e9-4af8-420a-b917-5a4ac180dab8
05437537000137;AUTO GERAL AUTOPECAS LTDA;229258;1296735773;FLL4673;2 eixos rodagem simples;2 eixos rodagem simples;1156734683;12/03/2024;07:39:44;;;;12/03/2024;07:39:48;RODOVIAS DAS COLINAS S.A;SP 300, 137.722, OESTE, PORTO FELIZ - SP;9,9;Debito;Passagem Dentro SLA;;;;5;9;ARTESP;24;1013;true;604b74f4-fe1d-4f66-86d1-0497d3ddee85
05437537000137;AUTO GERAL AUTOPECAS LTDA;229258;1294724694;PWS9889;2 eixos, rodagem simples;2 eixos, rodagem simples;2139267956;12/03/2024;07:24:11;01/01/2000;00:00:00;;12/03/2024;07:26:52;CONCESSIONARIA DE RODOVIAS DO OESTE DE SAO PAULO VIAOESTE S.A;SP 075, 12.5, SUL, ITU - SP;8,6;Debito;Passagem Fora SLA;;;;154;112;;286;1012;false;58cb32cc-2564-4d60-a0a7-0810af67d9a7
05437537000137;AUTO GERAL AUTOPECAS LTDA;229258;1294315796;FLL4673;2 eixos, rodagem simples;2 eixos, rodagem simples;1156734683;11/03/2024;18:18:54;01/01/2000;00:00:00;;11/03/2024;18:19:14;RODOVIAS DAS COLINAS S.A;SP 280, 111.3, LESTE, BOITUVA - SP;12,4;Debito;Passagem Dentro SLA;;;;2;3;;24;1013;false;356ee4af-2042-4ef8-8cb3-9bb5807a640f
05437537000137;AUTO GERAL AUTOPECAS LTDA;229258;1294254363;PXD7G42;2 eixos, rodagem simples;2 eixos, rodagem simples;2167066407;11/03/2024;17:25:59;01/01/2000;00:00:00;;11/03/2024;17:26:20;RODOVIAS DAS COLINAS S.A;SP 300, 137.722, OESTE, PORTO FELIZ - SP;9,9;Debito;Passagem Dentro SLA;;;;5;2;;24;1013;false;d122b759-390c-4e80-9eee-cf22f789c7f2
05437537000137;AUTO GERAL AUTOPECAS LTDA;229258;1294229662;DFJ9195;2 eixos, rodagem simples;2 eixos, rodagem simples;2199910708;11/03/2024;16:59:15;01/01/2000;00:00:00;;11/03/2024;17:01:51;CONCESSIONARIA DE RODOVIAS DO OESTE DE SAO PAULO VIAOESTE S.A;SP 075, 12.5, SUL, ITU - SP;8,6;Debito;Passagem Fora SLA;;;;154;111;;286;1012;false;ad97d83b-566d-4725-ab9e-2879533fa96b
05437537000137;AUTO GERAL AUTOPECAS LTDA;229258;1294114366;GIA7B06;2 eixos, rodagem simples;2 eixos, rodagem simples;2132631068;11/03/2024;15:15:33;01/01/2000;00:00:00;;11/03/2024;15:18:06;CONCESSIONARIA DE RODOVIAS DO OESTE DE SAO PAULO VIAOESTE S.A;SP 075, 12.5, SUL, ITU - SP;8,6;Debito;Passagem Fora SLA;;;;154;112;;286;1012;false;9833523f-01b7-4417-a123-548a818463dd
05437537000137;AUTO GERAL AUTOPECAS LTDA;229258;1294022057;PXD7G42;2 eixos, rodagem simples;2 eixos, rodagem simples;2167066407;11/03/2024;13:47:41;01/01/2000;00:00:00;;11/03/2024;13:47:47;RODOVIAS DAS COLINAS S.A;SP 300, 137.722, OESTE, PORTO FELIZ - SP;9,9;Debito;Passagem Dentro SLA;;;;5;2;;24;1013;false;469b9cb7-8deb-48c2-9330-e05b676839e2
05437537000137;AUTO GERAL AUTOPECAS LTDA;229258;1293617767;GIA7B06;2 eixos, rodagem simples;2 eixos, rodagem simples;2132631068;11/03/2024;11:16:57;01/01/2000;00:00:00;;11/03/2024;11:19:31;CONCESSIONARIA DE RODOVIAS DO OESTE DE SAO PAULO VIAOESTE S.A;SP 075, 12.5, SUL, ITU - SP;8,6;Debito;Passagem Fora SLA;;;;154;111;;286;1012;false;5fb501e2-b9d2-48cc-b495-51cb82ab81d1
05437537000137;AUTO GERAL AUTOPECAS LTDA;229258;1293588596;PXD7G42;2 eixos, rodagem simples;2 eixos, rodagem simples;2167066407;11/03/2024;10:51:02;01/01/2000;00:00:00;;11/03/2024;10:51:19;RODOVIAS DAS COLINAS S.A;SP 300, 137.722, OESTE, PORTO FELIZ - SP;9,9;Debito;Passagem Dentro SLA;;;;5;2;;24;1013;false;562ba53e-aa56-4f92-adcc-6e668b920036
05437537000137;AUTO GERAL AUTOPECAS LTDA;229258;1293536771;GIY1B04;2 eixos, rodagem simples;2 eixos, rodagem simples;1172923315;11/03/2024;09:59:56;01/01/2000;00:00:00;;11/03/2024;10:00:14;CONCESSIONARIA DE RODOVIAS DO OESTE DE SAO PAULO VIAOESTE S.A;SP 280, 74.0, LESTE, ITU - SP;15,2;Debito;Passagem Dentro SLA;;;;143;115;;286;1012;false;0761af65-bc04-4b27-be9e-9ebf1dfcf6c0
05437537000137;AUTO GERAL AUTOPECAS LTDA;229258;1293431657;GIA7B06;2 eixos, rodagem simples;2 eixos, rodagem simples;2132631068;11/03/2024;08:22:58;01/01/2000;00:00:00;;11/03/2024;08:25:43;CONCESSIONARIA DE RODOVIAS DO OESTE DE SAO PAULO VIAOESTE S.A;SP 075, 12.5, SUL, ITU - SP;8,6;Debito;Passagem Fora SLA;;;;154;111;;286;1012;false;b4eff0e0-2a55-4091-a242-13198f4d961b
05437537000137;AUTO GERAL AUTOPECAS LTDA;229258;1293368053;PWS9889;2 eixos, rodagem simples;2 eixos, rodagem simples;2139267956;11/03/2024;07:29:05;01/01/2000;00:00:00;;11/03/2024;07:31:41;CONCESSIONARIA DE RODOVIAS DO OESTE DE SAO PAULO VIAOESTE S.A;SP 075, 12.5, SUL, ITU - SP;8,6;Debito;Passagem Fora SLA;;;;154;112;;286;1012;false;6a467ed8-76b3-48c7-b171-4df2655e97fa
05437537000137;AUTO GERAL AUTOPECAS LTDA;229258;1294649762;FLL4673;2 eixos rodagem simples;2 eixos rodagem simples;1156734683;11/03/2024;07:25:09;;;;11/03/2024;07:25:25;RODOVIAS DAS COLINAS S.A;SP 300, 137.722, OESTE, PORTO FELIZ - SP;9,9;Debito;Passagem Dentro SLA;;;;5;9;ARTESP;24;1013;true;3763e7ac-c313-4c8f-9af2-2490a63ce6be
05437537000137;AUTO GERAL AUTOPECAS LTDA;229258;1291534221;FEA0472;2 eixos, rodagem simples;2 eixos, rodagem simples;1168495145;09/03/2024;12:40:18;01/01/2000;00:00:00;;09/03/2024;12:42:49;CONCESSIONARIA DE RODOVIAS DO OESTE DE SAO PAULO VIAOESTE S.A;SP 075, 12.5, SUL, ITU - SP;8,6;Debito;Passagem Fora SLA;;;;154;112;;286;1012;false;9b4ea1a7-87b1-4424-a6d9-c893028c1718
05437537000137;AUTO GERAL AUTOPECAS LTDA;229258;1291175759;PWS9889;2 eixos, rodagem simples;2 eixos, rodagem simples;2139267956;09/03/2024;07:28:37;01/01/2000;00:00:00;;09/03/2024;07:31:10;CONCESSIONARIA DE RODOVIAS DO OESTE DE SAO PAULO VIAOESTE S.A;SP 075, 12.5, SUL, ITU - SP;8,6;Debito;Passagem Fora SLA;;;;154;112;;286;1012;false;a46e8f52-c224-4c4e-8899-75e055f1feea
05437537000137;AUTO GERAL AUTOPECAS LTDA;229258;1290671302;FLL4673;2 eixos, rodagem simples;2 eixos, rodagem simples;1156734683;08/03/2024;17:42:29;01/01/2000;00:00:00;;08/03/2024;17:42:38;RODOVIAS DAS COLINAS S.A;SP 280, 111.3, LESTE, BOITUVA - SP;12,4;Debito;Passagem Dentro SLA;;;;2;3;;24;1013;false;af53b88a-8408-42ac-a96d-1faab1eaaeab
05437537000137;AUTO GERAL AUTOPECAS LTDA;229258;1290656769;PXD7G42;2 eixos, rodagem simples;2 eixos, rodagem simples;2167066407;08/03/2024;17:32:31;01/01/2000;00:00:00;;08/03/2024;17:32:42;RODOVIAS DAS COLINAS S.A;SP 300, 137.722, OESTE, PORTO FELIZ - SP;9,9;Debito;Passagem Dentro SLA;;;;5;2;;24;1013;false;5f129836-2adf-4f6f-abc9-2eb1a1b3f1bf
05437537000137;AUTO GERAL AUTOPECAS LTDA;229258;1290618406;FEA0472;2 eixos, rodagem simples;2 eixos, rodagem simples;1168495145;08/03/2024;17:01:14;01/01/2000;00:00:00;;08/03/2024;17:03:42;CONCESSIONARIA DE RODOVIAS DO OESTE DE SAO PAULO VIAOESTE S.A;SP 075, 12.5, SUL, ITU - SP;8,6;Debito;Passagem Fora SLA;;;;154;111;;286;1012;false;e348c366-6a51-45fe-8dd3-ef7c72836ee7
05437537000137;AUTO GERAL AUTOPECAS LTDA;229258;1290466415;PWS9889;2 eixos, rodagem simples;2 eixos, rodagem simples;2139267956;08/03/2024;15:41:35;01/01/2000;00:00:00;;08/03/2024;15:42:11;CONCESSIONARIA DE RODOVIAS DO OESTE DE SAO PAULO VIAOESTE S.A;SP 270, 111.0, LESTE, ARACOIABA DA SERRA - SP;5,1;Debito;Passagem Dentro SLA;;;;183;101;;286;1012;false;db235dd3-44ec-40f5-a413-9f2b5237c59b
05437537000137;AUTO GERAL AUTOPECAS LTDA;229258;1290433280;GIY1B04;2 eixos, rodagem simples;2 eixos, rodagem simples;1172923315;08/03/2024;15:20:17;01/01/2000;00:00:00;;08/03/2024;15:20:32;CONCESSIONARIA DE RODOVIAS DO OESTE DE SAO PAULO VIAOESTE S.A;SP 280, 74.0, LESTE, ITU - SP;15,2;Debito;Passagem Dentro SLA;;;;143;116;;286;1012;false;8a0b4e73-5f98-4c72-b22d-0ccabeb8bb82
05437537000137;AUTO GERAL AUTOPECAS LTDA;229258;1290433274;GIA7B06;2 eixos, rodagem simples;2 eixos, rodagem simples;2132631068;08/03/2024;15:13:10;01/01/2000;00:00:00;;08/03/2024;15:15:35;CONCESSIONARIA DE RODOVIAS DO OESTE DE SAO PAULO VIAOESTE S.A;SP 075, 12.5, SUL, ITU - SP;8,6;Debito;Passagem Fora SLA;;;;154;112;;286;1012;false;b896c439-d22e-41b1-a202-5225db48a497
05437537000137;AUTO GERAL AUTOPECAS LTDA;229258;1290393452;PWS9889;2 eixos, rodagem simples;2 eixos, rodagem simples;2139267956;08/03/2024;14:51:37;01/01/2000;00:00:00;;08/03/2024;14:52:11;CONCESSIONARIA DE RODOVIAS DO OESTE DE SAO PAULO VIAOESTE S.A;SP 270, 111.0, LESTE, ARACOIABA DA SERRA - SP;5,1;Debito;Passagem Dentro SLA;;;;183;102;;286;1012;false;3f2e2f2a-7220-49b7-95f2-06923785ccc1
05437537000137;AUTO GERAL AUTOPECAS LTDA;229258;1290312679;PXD7G42;2 eixos, rodagem simples;2 eixos, rodagem simples;2167066407;08/03/2024;13:52:26;01/01/2000;00:00:00;;08/03/2024;13:52:35;RODOVIAS DAS COLINAS S.A;SP 300, 137.722, OESTE, PORTO FELIZ - SP;9,9;Debito;Passagem Dentro SLA;;;;5;3;;24;1013;false;ec83367c-a305-4305-9c2a-f4503bf5196b
05437537000137;AUTO GERAL AUTOPECAS LTDA;229258;1290211326;GIY1B04;2 eixos, rodagem simples;2 eixos, rodagem simples;1172923315;08/03/2024;12:11:19;01/01/2000;00:00:00;;08/03/2024;12:11:26;CONCESSIONARIA DE RODOVIAS DO OESTE DE SAO PAULO VIAOESTE S.A;SP 280, 74.0, LESTE, ITU - SP;15,2;Debito;Passagem Dentro SLA;;;;143;116;;286;1012;false;80408f90-62d9-4468-90cb-9d0ffa7ad47a
05437537000137;AUTO GERAL AUTOPECAS LTDA;229258;1290158425;GIA7B06;2 eixos, rodagem simples;2 eixos, rodagem simples;2132631068;08/03/2024;11:16:25;01/01/2000;00:00:00;;08/03/2024;11:18:51;CONCESSIONARIA DE RODOVIAS DO OESTE DE SAO PAULO VIAOESTE S.A;SP 075, 12.5, SUL, ITU - SP;8,6;Debito;Passagem Fora SLA;;;;154;111;;286;1012;false;14a3db8d-78a1-431e-8e81-5ca3875dc200
05437537000137;AUTO GERAL AUTOPECAS LTDA;229258;1290131585;FEA0472;2 eixos, rodagem simples;2 eixos, rodagem simples;1168495145;08/03/2024;10:54:53;01/01/2000;00:00:00;;08/03/2024;10:55:12;RODOVIAS DAS COLINAS S.A;SP 300, 137.722, OESTE, PORTO FELIZ - SP;9,9;Debito;Passagem Dentro SLA;;;;5;2;;24;1013;false;e5e2aa78-5b8e-4d75-a97d-4065f75a911b
05437537000137;AUTO GERAL AUTOPECAS LTDA;229258;1289898026;FEA0472;2 eixos, rodagem simples;2 eixos, rodagem simples;1168495145;08/03/2024;09:10:18;01/01/2000;00:00:00;;08/03/2024;09:10:42;RODOVIAS DAS COLINAS S.A;SP 280, 111.3, LESTE, BOITUVA - SP;12,4;Debito;Passagem Dentro SLA;;;;2;16;;24;1013;false;03bf2488-992b-4443-8409-ea099a901e43
05437537000137;AUTO GERAL AUTOPECAS LTDA;229258;1289866847;GIA7B06;2 eixos, rodagem simples;2 eixos, rodagem simples;2132631068;08/03/2024;08:34:37;01/01/2000;00:00:00;;08/03/2024;08:37:07;CONCESSIONARIA DE RODOVIAS DO OESTE DE SAO PAULO VIAOESTE S.A;SP 075, 12.5, SUL, ITU - SP;8,6;Debito;Passagem Fora SLA;;;;154;112;;286;1012;false;8fa39e0e-fa9f-4a95-a131-94047937123a
05437537000137;AUTO GERAL AUTOPECAS LTDA;229258;1289802168;FLL4673;2 eixos, rodagem simples;2 eixos, rodagem simples;1156734683;08/03/2024;07:34:40;01/01/2000;00:00:00;;08/03/2024;07:34:58;RODOVIAS DAS COLINAS S.A;SP 280, 111.3, LESTE, BOITUVA - SP;12,4;Debito;Passagem Dentro SLA;;;;2;17;;24;1013;false;419685fa-e78b-41da-84e3-612d48120966
05437537000137;AUTO GERAL AUTOPECAS LTDA;229258;1289802745;PWS9889;2 eixos, rodagem simples;2 eixos, rodagem simples;2139267956;08/03/2024;07:31:15;01/01/2000;00:00:00;;08/03/2024;07:33:45;CONCESSIONARIA DE RODOVIAS DO OESTE DE SAO PAULO VIAOESTE S.A;SP 075, 12.5, SUL, ITU - SP;8,6;Debito;Passagem Fora SLA;;;;154;111;;286;1012;false;6d673ab3-83bf-4f55-a6e0-790381139f22
05437537000137;AUTO GERAL AUTOPECAS LTDA;229258;1289324993;FLL4673;2 eixos, rodagem simples;2 eixos, rodagem simples;1156734683;07/03/2024;18:17:50;01/01/2000;00:00:00;;07/03/2024;18:18:00;RODOVIAS DAS COLINAS S.A;SP 280, 111.3, LESTE, BOITUVA - SP;12,4;Debito;Passagem Dentro SLA;;;;2;3;;24;1013;false;f6e21c14-c683-4cf7-9556-ee552f70fc75
05437537000137;AUTO GERAL AUTOPECAS LTDA;229258;1289273851;PXD7G42;2 eixos, rodagem simples;2 eixos, rodagem simples;2167066407;07/03/2024;17:29:35;01/01/2000;00:00:00;;07/03/2024;17:29:46;RODOVIAS DAS COLINAS S.A;SP 300, 137.722, OESTE, PORTO FELIZ - SP;9,9;Debito;Passagem Dentro SLA;;;;5;2;;24;1013;false;2f63bc96-12f0-49d5-a491-6bb70ae04047
05437537000137;AUTO GERAL AUTOPECAS LTDA;229258;1289267961;EIB4306;2 eixos, rodagem simples;2 eixos, rodagem simples;2121444395;07/03/2024;17:21:11;01/01/2000;00:00:00;;07/03/2024;17:22:40;RODOVIAS DAS COLINAS S.A;SP 300, 76.3, LESTE, ITUPEVA - SP;9,5;Debito;Passagem Dentro SLA;PLACA EIB4D06;;;3;11;;24;1013;false;65f038fe-63ff-4f8c-807f-e047e34d1d88
05437537000137;AUTO GERAL AUTOPECAS LTDA;229258;1289136725;GIY1B04;2 eixos, rodagem simples;2 eixos, rodagem simples;1172923315;07/03/2024;15:31:52;01/01/2000;00:00:00;;07/03/2024;15:31:56;CONCESSIONARIA DE RODOVIAS DO OESTE DE SAO PAULO VIAOESTE S.A;SP 280, 74.0, LESTE, ITU - SP;15,2;Debito;Passagem Dentro SLA;;;;143;116;;286;1012;false;bd34857c-067d-415d-a717-1857bd63ce79
05437537000137;AUTO GERAL AUTOPECAS LTDA;229258;1289127634;GIA7B06;2 eixos, rodagem simples;2 eixos, rodagem simples;2132631068;07/03/2024;15:18:38;01/01/2000;00:00:00;;07/03/2024;15:21:06;CONCESSIONARIA DE RODOVIAS DO OESTE DE SAO PAULO VIAOESTE S.A;SP 075, 12.5, SUL, ITU - SP;8,6;Debito;Passagem Fora SLA;;;;154;111;;286;1012;false;6e8d23c1-b394-44bb-ac12-5e412fe1a8a1
05437537000137;AUTO GERAL AUTOPECAS LTDA;229258;1289024023;PXD7G42;2 eixos, rodagem simples;2 eixos, rodagem simples;2167066407;07/03/2024;13:47:38;01/01/2000;00:00:00;;07/03/2024;13:47:53;RODOVIAS DAS COLINAS S.A;SP 300, 137.722, OESTE, PORTO FELIZ - SP;9,9;Debito;Passagem Dentro SLA;;;;5;2;;24;1013;false;1b8db572-eb54-4a7a-98f7-eb8c2d50815a
05437537000137;AUTO GERAL AUTOPECAS LTDA;229258;1288729187;ERF3783;2 eixos, rodagem simples;2 eixos, rodagem simples;2130205569;07/03/2024;12:05:50;01/01/2000;00:00:00;;07/03/2024;12:05:56;CONCESSIONARIA DE RODOVIAS DO OESTE DE SAO PAULO VIAOESTE S.A;SP 280, 74.0, LESTE, ITU - SP;15,2;Debito;Passagem Dentro SLA;;;;143;115;;286;1012;false;0062fe44-12cf-4152-ac74-f593aeb82d9d
05437537000137;AUTO GERAL AUTOPECAS LTDA;229258;1288687102;GIA7B06;2 eixos, rodagem simples;2 eixos, rodagem simples;2132631068;07/03/2024;11:17:19;01/01/2000;00:00:00;;07/03/2024;11:19:46;CONCESSIONARIA DE RODOVIAS DO OESTE DE SAO PAULO VIAOESTE S.A;SP 075, 12.5, SUL, ITU - SP;8,6;Debito;Passagem Fora SLA;;;;154;111;;286;1012;false;46e7ef2d-13c4-4edb-b298-13c8ac6f7126
05437537000137;AUTO GERAL AUTOPECAS LTDA;229258;1288659921;PXD7G42;2 eixos, rodagem simples;2 eixos, rodagem simples;2167066407;07/03/2024;10:51:24;01/01/2000;00:00:00;;07/03/2024;10:51:32;RODOVIAS DAS COLINAS S.A;SP 300, 137.722, OESTE, PORTO FELIZ - SP;9,9;Debito;Passagem Dentro SLA;;;;5;2;;24;1013;false;5640dbe4-b985-4bcd-8a40-23dbfbb99aea
05437537000137;AUTO GERAL AUTOPECAS LTDA;229258;1288644651;GIY1B04;2 eixos, rodagem simples;2 eixos, rodagem simples;1172923315;07/03/2024;10:33:54;01/01/2000;00:00:00;;07/03/2024;10:33:59;CONCESSIONARIA DE RODOVIAS DO OESTE DE SAO PAULO VIAOESTE S.A;SP 280, 74.0, LESTE, ITU - SP;15,2;Debito;Passagem Dentro SLA;;;;143;116;;286;1012;false;cf78a333-01fb-4ae0-a83a-8bc20bf15a7d
05437537000137;AUTO GERAL AUTOPECAS LTDA;229258;1288594386;EIB4306;2 eixos, rodagem simples;2 eixos, rodagem simples;2121444395;07/03/2024;09:41:58;01/01/2000;00:00:00;;07/03/2024;09:42:00;RODOVIAS DAS COLINAS S.A;SP 300, 76.3, LESTE, ITUPEVA - SP;9,5;Debito;Passagem Dentro SLA;PLACA EIB4D06;;;3;3;;24;1013;false;4cb1e300-ae37-434f-a508-16e5f1b9e994
05437537000137;AUTO GERAL AUTOPECAS LTDA;229258;1288528298;GIA7B06;2 eixos, rodagem simples;2 eixos, rodagem simples;2132631068;07/03/2024;08:17:57;01/01/2000;00:00:00;;07/03/2024;08:20:26;CONCESSIONARIA DE RODOVIAS DO OESTE DE SAO PAULO VIAOESTE S.A;SP 075, 12.5, SUL, ITU - SP;8,6;Debito;Passagem Fora SLA;;;;154;111;;286;1012;false;229c0aee-5f71-4a28-9b84-d2bcd30d9001
05437537000137;AUTO GERAL AUTOPECAS LTDA;229258;1288475773;FLL4673;2 eixos, rodagem simples;2 eixos, rodagem simples;1156734683;07/03/2024;07:33:49;01/01/2000;00:00:00;;07/03/2024;07:34:09;RODOVIAS DAS COLINAS S.A;SP 280, 111.3, LESTE, BOITUVA - SP;12,4;Debito;Passagem Dentro SLA;;;;2;16;;24;1013;false;72ead5b5-e76f-475f-ba6e-4fa8c70c1306
05437537000137;AUTO GERAL AUTOPECAS LTDA;229258;1288475889;PWS9889;2 eixos, rodagem simples;2 eixos, rodagem simples;2139267956;07/03/2024;07:29:55;01/01/2000;00:00:00;;07/03/2024;07:32:19;CONCESSIONARIA DE RODOVIAS DO OESTE DE SAO PAULO VIAOESTE S.A;SP 075, 12.5, SUL, ITU - SP;8,6;Debito;Passagem Fora SLA;;;;154;111;;286;1012;false;179531a0-42e8-4662-a63f-209821ea1322
05437537000137;AUTO GERAL AUTOPECAS LTDA;229258;1287901446;FLL4673;2 eixos, rodagem simples;2 eixos, rodagem simples;1156734683;06/03/2024;17:58:32;01/01/2000;00:00:00;;06/03/2024;17:58:52;RODOVIAS DAS COLINAS S.A;SP 280, 111.3, LESTE, BOITUVA - SP;12,4;Debito;Passagem Dentro SLA;;;;2;3;;24;1013;false;5237ffa2-38cc-416b-b3b4-75988ff3427d
05437537000137;AUTO GERAL AUTOPECAS LTDA;229258;1287877598;PXD7G42;2 eixos, rodagem simples;2 eixos, rodagem simples;2167066407;06/03/2024;17:32:26;01/01/2000;00:00:00;;06/03/2024;17:32:38;RODOVIAS DAS COLINAS S.A;SP 300, 137.722, OESTE, PORTO FELIZ - SP;9,9;Debito;Passagem Dentro SLA;;;;5;2;;24;1013;false;a6ce978c-d28b-4896-bfac-d0e1b52801fb
05437537000137;AUTO GERAL AUTOPECAS LTDA;229258;1287754294;GIA7B06;2 eixos, rodagem simples;2 eixos, rodagem simples;2132631068;06/03/2024;15:23:20;01/01/2000;00:00:00;;06/03/2024;15:25:40;CONCESSIONARIA DE RODOVIAS DO OESTE DE SAO PAULO VIAOESTE S.A;SP 075, 12.5, SUL, ITU - SP;8,6;Debito;Passagem Fora SLA;;;;154;112;;286;1012;false;9cb817dc-b00a-473e-a367-922aa68e0d34
05437537000137;AUTO GERAL AUTOPECAS LTDA;229258;1287727388;GIY1B04;2 eixos, rodagem simples;2 eixos, rodagem simples;1172923315;06/03/2024;15:02:04;01/01/2000;00:00:00;;06/03/2024;15:02:24;CONCESSIONARIA DE RODOVIAS DO OESTE DE SAO PAULO VIAOESTE S.A;SP 280, 74.0, LESTE, ITU - SP;15,2;Debito;Passagem Dentro SLA;;;;143;115;;286;1012;false;4da541cc-84fe-46f5-a5ee-f713e412e2c9
05437537000137;AUTO GERAL AUTOPECAS LTDA;229258;1287754708;PXD7G42;2 eixos, rodagem simples;2 eixos, rodagem simples;2167066407;06/03/2024;13:51:43;01/01/2000;00:00:00;;06/03/2024;15:26:03;RODOVIAS DAS COLINAS S.A;SP 300, 137.722, OESTE, PORTO FELIZ - SP;9,9;Debito;Passagem Fora SLA;;;;5;2;;24;1013;false;7aceef1e-bed5-47f6-b9dd-80225dfc0254
05437537000137;AUTO GERAL AUTOPECAS LTDA;229258;1287503724;ERF3783;2 eixos, rodagem simples;2 eixos, rodagem simples;2130205569;06/03/2024;11:19:51;01/01/2000;00:00:00;;06/03/2024;11:20:14;RODOVIAS DAS COLINAS S.A;SP 300, 76.3, LESTE, ITUPEVA - SP;9,5;Debito;Passagem Dentro SLA;;;;3;10;;24;1013;false;0f3a63cb-c217-4c99-9648-1327920c3069
05437537000137;AUTO GERAL AUTOPECAS LTDA;229258;1287503520;GIA7B06;2 eixos, rodagem simples;2 eixos, rodagem simples;2132631068;06/03/2024;11:15:37;01/01/2000;00:00:00;;06/03/2024;11:17:59;CONCESSIONARIA DE RODOVIAS DO OESTE DE SAO PAULO VIAOESTE S.A;SP 075, 12.5, SUL, ITU - SP;8,6;Debito;Passagem Fora SLA;;;;154;111;;286;1012;false;204d4da6-2ad0-442a-ba35-2bdfd10c160d
05437537000137;AUTO GERAL AUTOPECAS LTDA;229258;1287287854;ERF3783;2 eixos, rodagem simples;2 eixos, rodagem simples;2130205569;06/03/2024;10:54:23;01/01/2000;00:00:00;;06/03/2024;10:54:35;RODOVIAS DAS COLINAS S.A;SP 300, 76.3, LESTE, ITUPEVA - SP;9,5;Debito;Passagem Dentro SLA;;;;3;2;;24;1013;false;6d68eba8-d8a4-4ab6-bb33-1b86e500000d
05437537000137;AUTO GERAL AUTOPECAS LTDA;229258;1287759091;PXD7G42;2 eixos, rodagem simples;2 eixos, rodagem simples;2167066407;06/03/2024;10:49:53;01/01/2000;00:00:00;;06/03/2024;15:27:30;RODOVIAS DAS COLINAS S.A;SP 300, 137.722, OESTE, PORTO FELIZ - SP;9,9;Debito;Passagem Fora SLA;;;;5;2;;24;1013;false;b811c19a-26f2-41e0-b876-884a8800c841
05437537000137;AUTO GERAL AUTOPECAS LTDA;229258;1287227117;GIY1B04;2 eixos, rodagem simples;2 eixos, rodagem simples;1172923315;06/03/2024;09:53:26;01/01/2000;00:00:00;;06/03/2024;09:53:45;CONCESSIONARIA DE RODOVIAS DO OESTE DE SAO PAULO VIAOESTE S.A;SP 280, 74.0, LESTE, ITU - SP;15,2;Debito;Passagem Dentro SLA;;;;143;116;;286;1012;false;7cbd9c6c-de25-444f-86f7-a584af1eb226
05437537000137;AUTO GERAL AUTOPECAS LTDA;229258;1287135908;GIA7B06;2 eixos, rodagem simples;2 eixos, rodagem simples;2132631068;06/03/2024;08:18:37;01/01/2000;00:00:00;;06/03/2024;08:20:59;CONCESSIONARIA DE RODOVIAS DO OESTE DE SAO PAULO VIAOESTE S.A;SP 075, 12.5, SUL, ITU - SP;8,6;Debito;Passagem Fora SLA;;;;154;112;;286;1012;false;6f53d813-3fa6-44c1-a293-d76898c39360
05437537000137;AUTO GERAL AUTOPECAS LTDA;229258;1287076126;FLL4673;2 eixos, rodagem simples;2 eixos, rodagem simples;1156734683;06/03/2024;07:33:39;01/01/2000;00:00:00;;06/03/2024;07:34:43;RODOVIAS DAS COLINAS S.A;SP 280, 111.3, LESTE, BOITUVA - SP;12,4;Debito;Passagem Dentro SLA;;;;2;16;;24;1013;false;f907a524-c450-4027-9852-4a1d93953a54
05437537000137;AUTO GERAL AUTOPECAS LTDA;229258;1287073214;PWS9889;2 eixos, rodagem simples;2 eixos, rodagem simples;2139267956;06/03/2024;07:26:44;01/01/2000;00:00:00;;06/03/2024;07:29:10;CONCESSIONARIA DE RODOVIAS DO OESTE DE SAO PAULO VIAOESTE S.A;SP 075, 12.5, SUL, ITU - SP;8,6;Debito;Passagem Fora SLA;;;;154;112;;286;1012;false;e86708f8-101a-4ce1-a044-4e511ebfb034
05437537000137;AUTO GERAL AUTOPECAS LTDA;229258;1286709014;FLL4673;2 eixos, rodagem simples;2 eixos, rodagem simples;1156734683;05/03/2024;18:23:35;01/01/2000;00:00:00;;05/03/2024;18:23:47;RODOVIAS DAS COLINAS S.A;SP 280, 111.3, LESTE, BOITUVA - SP;12,4;Debito;Passagem Dentro SLA;;;;2;3;;24;1013;false;913fd72f-b6b2-4098-b0c8-ebe9947260b6
05437537000137;AUTO GERAL AUTOPECAS LTDA;229258;1286695729;DFJ9195;2 eixos, rodagem simples;2 eixos, rodagem simples;2199910708;05/03/2024;18:05:16;01/01/2000;00:00:00;;05/03/2024;18:07:37;CONCESSIONARIA DE RODOVIAS DO OESTE DE SAO PAULO VIAOESTE S.A;SP 075, 12.5, SUL, ITU - SP;8,6;Debito;Passagem Fora SLA;;;;154;112;;286;1012;false;d1907b78-4e20-4988-bfe0-015fbc4835bd
05437537000137;AUTO GERAL AUTOPECAS LTDA;229258;1286646365;EIB4306;2 eixos, rodagem simples;2 eixos, rodagem simples;2121444395;05/03/2024;17:34:48;01/01/2000;00:00:00;;05/03/2024;17:35:11;RODOVIAS DAS COLINAS S.A;SP 300, 76.3, LESTE, ITUPEVA - SP;9,5;Debito;Passagem Dentro SLA;PLACA EIB4D06;;;3;11;;24;1013;false;1d8304da-3569-45b5-a17b-f259b853374c
05437537000137;AUTO GERAL AUTOPECAS LTDA;229258;1288916562;PXD7G42;2 eixos rodagem simples;2 eixos rodagem simples;2167066407;05/03/2024;17:30:46;;;;06/03/2024;15:18:04;RODOVIAS DAS COLINAS S.A;SP 300, 137.722, OESTE, PORTO FELIZ - SP;9,9;Debito;Passagem Fora SLA;;;;5;2;ARTESP;24;1013;true;13c47bb1-850b-4794-a281-efc065902c4a
05437537000137;AUTO GERAL AUTOPECAS LTDA;229258;1286474156;GIA7B06;2 eixos, rodagem simples;2 eixos, rodagem simples;2132631068;05/03/2024;15:08:57;01/01/2000;00:00:00;;05/03/2024;15:11:23;CONCESSIONARIA DE RODOVIAS DO OESTE DE SAO PAULO VIAOESTE S.A;SP 075, 12.5, SUL, ITU - SP;8,6;Debito;Passagem Fora SLA;;;;154;112;;286;1012;false;54bc8196-33ce-4d36-b975-8aae6baef68b
05437537000137;AUTO GERAL AUTOPECAS LTDA;229258;1287752285;PXD7G42;2 eixos, rodagem simples;2 eixos, rodagem simples;2167066407;05/03/2024;13:54:17;01/01/2000;00:00:00;;06/03/2024;15:19:31;RODOVIAS DAS COLINAS S.A;SP 300, 137.722, OESTE, PORTO FELIZ - SP;9,9;Debito;Passagem Fora SLA;;;;5;2;;24;1013;false;21a0e0e3-1ff0-47db-a54f-071664693490
05437537000137;AUTO GERAL AUTOPECAS LTDA;229258;1286340357;EIB4306;2 eixos, rodagem simples;2 eixos, rodagem simples;2121444395;05/03/2024;12:55:30;01/01/2000;00:00:00;;05/03/2024;12:55:38;RODOVIAS DAS COLINAS S.A;SP 300, 76.3, LESTE, ITUPEVA - SP;9,5;Debito;Passagem Dentro SLA;PLACA EIB4D06;;;3;3;;24;1013;false;29831c7d-30a5-40c9-a995-48934ca6119a
05437537000137;AUTO GERAL AUTOPECAS LTDA;229258;1286330178;GIY1B04;2 eixos, rodagem simples;2 eixos, rodagem simples;1172923315;05/03/2024;12:45:08;01/01/2000;00:00:00;;05/03/2024;12:45:23;CONCESSIONARIA DE RODOVIAS DO OESTE DE SAO PAULO VIAOESTE S.A;SP 280, 74.0, LESTE, ITU - SP;15,2;Debito;Passagem Dentro SLA;;;;143;116;;286;1012;false;b07ece53-dfd8-4533-87e3-7a5e4fe373af
05437537000137;AUTO GERAL AUTOPECAS LTDA;229258;1286277059;GFB8C62;2 eixos, rodagem simples;2 eixos, rodagem simples;2172222668;05/03/2024;11:44:46;01/01/2000;00:00:00;;05/03/2024;11:44:57;RODOVIAS INTEGRADAS DO OESTE S.A;SP 127, 128.9, NORTE, TATUI - SP;14,3;Debito;Passagem Dentro SLA;;;;163;103;;305;1020;false;7f6a7bbf-a28d-4218-8038-74e4f0622b2d
05437537000137;AUTO GERAL AUTOPECAS LTDA;229258;1286260491;GIA7B06;2 eixos, rodagem simples;2 eixos, rodagem simples;2132631068;05/03/2024;11:23:47;01/01/2000;00:00:00;;05/03/2024;11:26:09;CONCESSIONARIA DE RODOVIAS DO OESTE DE SAO PAULO VIAOESTE S.A;SP 075, 12.5, SUL, ITU - SP;8,6;Debito;Passagem Fora SLA;;;;154;111;;286;1012;false;2de1f80e-07e8-4b63-9207-cdbbde1e71d6
05437537000137;AUTO GERAL AUTOPECAS LTDA;229258;1287747556;PXD7G42;2 eixos, rodagem simples;2 eixos, rodagem simples;2167066407;05/03/2024;10:55:53;01/01/2000;00:00:00;;06/03/2024;15:18:25;RODOVIAS DAS COLINAS S.A;SP 300, 137.722, OESTE, PORTO FELIZ - SP;9,9;Debito;Passagem Fora SLA;;;;5;2;;24;1013;false;ecbf8118-8a06-41c8-8edd-aebf1c50eb48
05437537000137;AUTO GERAL AUTOPECAS LTDA;229258;1286231073;GFB8C62;2 eixos, rodagem simples;2 eixos, rodagem simples;2172222668;05/03/2024;10:54:11;01/01/2000;00:00:00;;05/03/2024;10:54:30;RODOVIAS INTEGRADAS DO OESTE S.A;SP 270, 135.3, LESTE, SARAPUI - SP;10,9;Debito;Passagem Dentro SLA;;;;184;109;;305;1020;false;3f12cb97-3c2a-4b0c-9164-6b59ebf70055
05437537000137;AUTO GERAL AUTOPECAS LTDA;229258;1285909808;ERF3783;2 eixos, rodagem simples;2 eixos, rodagem simples;2130205569;05/03/2024;09:56:41;01/01/2000;00:00:00;;05/03/2024;09:57:03;CONCESSIONARIA DE RODOVIAS DO OESTE DE SAO PAULO VIAOESTE S.A;SP 280, 74.0, LESTE, ITU - SP;15,2;Debito;Passagem Dentro SLA;;;;143;116;;286;1012;false;b3a2d13a-fc11-4bd7-a07a-8e8a016a9aeb
05437537000137;AUTO GERAL AUTOPECAS LTDA;229258;1285827823;GIA7B06;2 eixos, rodagem simples;2 eixos, rodagem simples;2132631068;05/03/2024;08:22:28;01/01/2000;00:00:00;;05/03/2024;08:24:47;CONCESSIONARIA DE RODOVIAS DO OESTE DE SAO PAULO VIAOESTE S.A;SP 075, 12.5, SUL, ITU - SP;8,6;Debito;Passagem Fora SLA;;;;154;112;;286;1012;false;e5099485-7026-41d0-9cfc-a28da4e15eed
05437537000137;AUTO GERAL AUTOPECAS LTDA;229258;1285776336;FLL4673;2 eixos, rodagem simples;2 eixos, rodagem simples;1156734683;05/03/2024;07:35:39;01/01/2000;00:00:00;;05/03/2024;07:35:47;RODOVIAS DAS COLINAS S.A;SP 280, 111.3, LESTE, BOITUVA - SP;12,4;Debito;Passagem Dentro SLA;;;;2;16;;24;1013;false;80823a8f-ac23-4329-b7b7-7744a5e59b79
05437537000137;AUTO GERAL AUTOPECAS LTDA;229258;1285773898;PWS9889;2 eixos, rodagem simples;2 eixos, rodagem simples;2139267956;05/03/2024;07:30:02;01/01/2000;00:00:00;;05/03/2024;07:32:22;CONCESSIONARIA DE RODOVIAS DO OESTE DE SAO PAULO VIAOESTE S.A;SP 075, 12.5, SUL, ITU - SP;8,6;Debito;Passagem Fora SLA;;;;154;111;;286;1012;false;be7296a6-bd1f-4c5a-b6b1-78c990200179
05437537000137;AUTO GERAL AUTOPECAS LTDA;229258;1285629129;779266;;;;05/03/2024;01:43:07;01/01/2000;00:00:00;;05/03/2024;01:43:07;;Automatica-CARTAO_DE_CREDITO;1000;Credito;Recarga Automatica;;;;;;;;;;02a34505-a384-4c54-8e0f-b5b3be6f3710
05437537000137;AUTO GERAL AUTOPECAS LTDA;229258;1285628515;;;;;04/03/2024;21:00:00;04/03/2024;21:00:00;;05/03/2024;01:42:37;;Referente a 03/2024;398;Debito;Mensalidade Pre-Paga;;;;;;;;;;ab990f97-18bf-46dd-aa0a-08ff8a92f157
05437537000137;AUTO GERAL AUTOPECAS LTDA;229258;1285341755;FLL4673;2 eixos, rodagem simples;2 eixos, rodagem simples;1156734683;04/03/2024;18:21:03;01/01/2000;00:00:00;;04/03/2024;18:21:07;RODOVIAS DAS COLINAS S.A;SP 280, 111.3, LESTE, BOITUVA - SP;12,4;Debito;Passagem Dentro SLA;;;;2;4;;24;1013;false;439e4008-7d39-465c-97d5-8c02d0497b48
05437537000137;AUTO GERAL AUTOPECAS LTDA;229258;1285288924;PXD7G42;2 eixos, rodagem simples;2 eixos, rodagem simples;2167066407;04/03/2024;17:38:36;01/01/2000;00:00:00;;04/03/2024;17:38:58;RODOVIAS DAS COLINAS S.A;SP 300, 137.722, OESTE, PORTO FELIZ - SP;9,9;Debito;Passagem Dentro SLA;;;;5;2;;24;1013;false;f8662e77-8b18-4cb4-a5db-68a6768d3041
05437537000137;AUTO GERAL AUTOPECAS LTDA;229258;1285265770;DFJ9195;2 eixos, rodagem simples;2 eixos, rodagem simples;2199910708;04/03/2024;17:18:18;01/01/2000;00:00:00;;04/03/2024;17:20:43;CONCESSIONARIA DE RODOVIAS DO OESTE DE SAO PAULO VIAOESTE S.A;SP 075, 12.5, SUL, ITU - SP;8,6;Debito;Passagem Fora SLA;;;;154;111;;286;1012;false;26318994-f85d-457f-99ed-3a6c7b642edd
05437537000137;AUTO GERAL AUTOPECAS LTDA;229258;1285146478;GIA7B06;2 eixos, rodagem simples;2 eixos, rodagem simples;2132631068;04/03/2024;15:17:04;01/01/2000;00:00:00;;04/03/2024;15:19:46;CONCESSIONARIA DE RODOVIAS DO OESTE DE SAO PAULO VIAOESTE S.A;SP 075, 12.5, SUL, ITU - SP;8,6;Debito;Passagem Fora SLA;;;;154;112;;286;1012;false;576d6bf5-fcd1-44fc-9a6b-b52f088aee61
05437537000137;AUTO GERAL AUTOPECAS LTDA;229258;1285125211;ERF3783;2 eixos, rodagem simples;2 eixos, rodagem simples;2130205569;04/03/2024;15:10:22;01/01/2000;00:00:00;;04/03/2024;15:10:43;CONCESSIONARIA DE RODOVIAS DO OESTE DE SAO PAULO VIAOESTE S.A;SP 280, 74.0, LESTE, ITU - SP;15,2;Debito;Passagem Dentro SLA;;;;143;115;;286;1012;false;d5a4d920-8a93-4603-b779-6486a99f0066
05437537000137;AUTO GERAL AUTOPECAS LTDA;229258;1285037476;PXD7G42;2 eixos, rodagem simples;2 eixos, rodagem simples;2167066407;04/03/2024;13:53:21;01/01/2000;00:00:00;;04/03/2024;13:53:34;RODOVIAS DAS COLINAS S.A;SP 300, 137.722, OESTE, PORTO FELIZ - SP;9,9;Debito;Passagem Dentro SLA;;;;5;2;;24;1013;false;c3d47fc3-9727-4609-a3c7-89d56f9d3431
05437537000137;AUTO GERAL AUTOPECAS LTDA;229258;1284922984;ERF3783;2 eixos, rodagem simples;2 eixos, rodagem simples;2130205569;04/03/2024;11:57:43;01/01/2000;00:00:00;;04/03/2024;11:57:57;CONCESSIONARIA DE RODOVIAS DO OESTE DE SAO PAULO VIAOESTE S.A;SP 280, 74.0, LESTE, ITU - SP;15,2;Debito;Passagem Dentro SLA;;;;143;116;;286;1012;false;eebad68a-be21-4fe0-aa75-bf5b03925292
05437537000137;AUTO GERAL AUTOPECAS LTDA;229258;1284898575;GIA7B06;2 eixos, rodagem simples;2 eixos, rodagem simples;2132631068;04/03/2024;11:27:35;01/01/2000;00:00:00;;04/03/2024;11:29:49;CONCESSIONARIA DE RODOVIAS DO OESTE DE SAO PAULO VIAOESTE S.A;SP 075, 12.5, SUL, ITU - SP;8,6;Debito;Passagem Fora SLA;;;;154;111;;286;1012;false;80ad5cc7-cea5-43f4-ac91-8932b8b2eac6
05437537000137;AUTO GERAL AUTOPECAS LTDA;229258;1284865044;PXD7G42;2 eixos, rodagem simples;2 eixos, rodagem simples;2167066407;04/03/2024;10:52:57;01/01/2000;00:00:00;;04/03/2024;10:53:50;RODOVIAS DAS COLINAS S.A;SP 300, 137.722, OESTE, PORTO FELIZ - SP;9,9;Debito;Passagem Dentro SLA;;;;5;2;;24;1013;false;26dee52a-6c3b-4605-a757-20bf09b36d64
05437537000137;AUTO GERAL AUTOPECAS LTDA;229258;1286142202;GIA7B06;2 eixos rodagem simples;2 eixos rodagem simples;2132631068;04/03/2024;08:25:13;;;;04/03/2024;08:27:31;CONCESSIONARIA DE RODOVIAS DO OESTE DE SAO PAULO VIAOESTE S.A;SP 075, 12.5, SUL, ITU - SP;8,6;Debito;Passagem Fora SLA;;;;154;112;ARTESP;286;1012;true;ace43672-e233-476b-951a-0293f04be394
05437537000137;AUTO GERAL AUTOPECAS LTDA;229258;1284666209;FLL4673;2 eixos, rodagem simples;2 eixos, rodagem simples;1156734683;04/03/2024;07:27:34;01/01/2000;00:00:00;;04/03/2024;07:27:50;RODOVIAS DAS COLINAS S.A;SP 280, 111.3, LESTE, BOITUVA - SP;12,4;Debito;Passagem Dentro SLA;;;;2;16;;24;1013;false;1efb7f66-bb05-4769-a11e-632f6d52090f
05437537000137;AUTO GERAL AUTOPECAS LTDA;229258;1282841997;FLL4673;2 eixos, rodagem simples;2 eixos, rodagem simples;1156734683;02/03/2024;12:34:40;01/01/2000;00:00:00;;02/03/2024;12:34:53;RODOVIAS DAS COLINAS S.A;SP 280, 111.3, LESTE, BOITUVA - SP;12,4;Debito;Passagem Dentro SLA;;;;2;3;;24;1013;false;d465295f-1505-47d4-89d6-74733a3a0d88
05437537000137;AUTO GERAL AUTOPECAS LTDA;229258;1282566078;FLL4673;2 eixos, rodagem simples;2 eixos, rodagem simples;1156734683;02/03/2024;07:10:36;01/01/2000;00:00:00;;02/03/2024;07:10:46;RODOVIAS DAS COLINAS S.A;SP 280, 111.3, LESTE, BOITUVA - SP;12,4;Debito;Passagem Dentro SLA;;;;2;16;;24;1013;false;51bf9c2e-8f39-4b85-8018-28aaa4451ec5
05437537000137;AUTO GERAL AUTOPECAS LTDA;229258;1282104855;FLL4673;2 eixos, rodagem simples;2 eixos, rodagem simples;1156734683;01/03/2024;17:55:04;01/01/2000;00:00:00;;01/03/2024;17:55:17;RODOVIAS DAS COLINAS S.A;SP 280, 111.3, LESTE, BOITUVA - SP;12,4;Debito;Passagem Dentro SLA;;;;2;3;;24;1013;false;b725e2c3-945a-46ea-a2cc-b36f7a1d71f5
05437537000137;AUTO GERAL AUTOPECAS LTDA;229258;1282073737;PXD7G42;2 eixos, rodagem simples;2 eixos, rodagem simples;2167066407;01/03/2024;17:33:59;01/01/2000;00:00:00;;01/03/2024;17:34:22;RODOVIAS DAS COLINAS S.A;SP 300, 137.722, OESTE, PORTO FELIZ - SP;9,9;Debito;Passagem Dentro SLA;;;;5;2;;24;1013;false;966184df-c024-4a1e-afc9-f81c9911b4c8
05437537000137;AUTO GERAL AUTOPECAS LTDA;229258;1282027172;EIB4306;2 eixos, rodagem simples;2 eixos, rodagem simples;2121444395;01/03/2024;16:59:33;01/01/2000;00:00:00;;01/03/2024;16:59:36;RODOVIAS DAS COLINAS S.A;SP 300, 76.3, LESTE, ITUPEVA - SP;9,5;Debito;Passagem Dentro SLA;PLACA EIB4D06;;;3;11;;24;1013;false;ebd8b0c7-56af-46d7-9251-9a7124f3ba9f
05437537000137;AUTO GERAL AUTOPECAS LTDA;229258;1281902756;GIA7B06;2 eixos, rodagem simples;2 eixos, rodagem simples;2132631068;01/03/2024;15:20:08;01/01/2000;00:00:00;;01/03/2024;15:22:18;CONCESSIONARIA DE RODOVIAS DO OESTE DE SAO PAULO VIAOESTE S.A;SP 075, 12.5, SUL, ITU - SP;8,6;Debito;Passagem Fora SLA;;;;154;112;;286;1012;false;1ee22193-9684-4dfe-8cd8-00170e7b998f
05437537000137;AUTO GERAL AUTOPECAS LTDA;229258;1281877100;DFJ9195;2 eixos, rodagem simples;2 eixos, rodagem simples;2199910708;01/03/2024;14:58:42;01/01/2000;00:00:00;;01/03/2024;15:01:13;CONCESSIONARIA DE RODOVIAS DO OESTE DE SAO PAULO VIAOESTE S.A;SP 075, 12.5, SUL, ITU - SP;8,6;Debito;Passagem Fora SLA;;;;154;111;;286;1012;false;2dc7a9c8-aa18-4780-b51c-833e0d22c110
05437537000137;AUTO GERAL AUTOPECAS LTDA;229258;1281781156;PXD7G42;2 eixos, rodagem simples;2 eixos, rodagem simples;2167066407;01/03/2024;13:42:00;01/01/2000;00:00:00;;01/03/2024;13:42:08;RODOVIAS DAS COLINAS S.A;SP 300, 137.722, OESTE, PORTO FELIZ - SP;9,9;Debito;Passagem Dentro SLA;;;;5;2;;24;1013;false;b17ba536-55cb-4ce5-ba80-09ab3ef4dc4a
05437537000137;AUTO GERAL AUTOPECAS LTDA;229258;1281453098;GIA7B06;2 eixos, rodagem simples;2 eixos, rodagem simples;2132631068;01/03/2024;11:26:03;01/01/2000;00:00:00;;01/03/2024;11:28:36;CONCESSIONARIA DE RODOVIAS DO OESTE DE SAO PAULO VIAOESTE S.A;SP 075, 12.5, SUL, ITU - SP;8,6;Debito;Passagem Fora SLA;;;;154;112;;286;1012;false;63ad594a-c9f2-4518-a0ac-78e3055080fa
05437537000137;AUTO GERAL AUTOPECAS LTDA;229258;1281418624;PXD7G42;2 eixos, rodagem simples;2 eixos, rodagem simples;2167066407;01/03/2024;10:53:20;01/01/2000;00:00:00;;01/03/2024;10:53:31;RODOVIAS DAS COLINAS S.A;SP 300, 137.722, OESTE, PORTO FELIZ - SP;9,9;Debito;Passagem Dentro SLA;;;;5;2;;24;1013;false;e1663d18-40b6-48e9-900f-310d26e54f3d
05437537000137;AUTO GERAL AUTOPECAS LTDA;229258;1281397830;EIB4306;2 eixos, rodagem simples;2 eixos, rodagem simples;2121444395;01/03/2024;10:33:55;01/01/2000;00:00:00;;01/03/2024;10:34:05;RODOVIAS DAS COLINAS S.A;SP 300, 76.3, LESTE, ITUPEVA - SP;9,5;Debito;Passagem Dentro SLA;PLACA EIB4D06;;;3;3;;24;1013;false;4cccd35b-9eb4-4c7c-80e1-b7f486029027
05437537000137;AUTO GERAL AUTOPECAS LTDA;229258;1281356285;PWS9889;2 eixos, rodagem simples;2 eixos, rodagem simples;2139267956;01/03/2024;09:51:59;01/01/2000;00:00:00;;01/03/2024;09:52:10;CONCESSIONARIA DE RODOVIAS DO OESTE DE SAO PAULO VIAOESTE S.A;SP 270, 111.0, LESTE, ARACOIABA DA SERRA - SP;5,1;Debito;Passagem Dentro SLA;;;;183;102;;286;1012;false;453c79f8-73af-4d60-a797-70fa30938798
05437537000137;AUTO GERAL AUTOPECAS LTDA;229258;1281334994;PWS9889;2 eixos, rodagem simples;2 eixos, rodagem simples;2139267956;01/03/2024;09:28:07;01/01/2000;00:00:00;;01/03/2024;09:28:18;CONCESSIONARIA DE RODOVIAS DO OESTE DE SAO PAULO VIAOESTE S.A;SP 270, 111.0, OESTE, ARACOIABA DA SERRA - SP;5,1;Debito;Passagem Dentro SLA;;;;184;102;;286;1012;false;96aee3ed-d8a2-4cdb-a4da-0d2f77b10abf
05437537000137;AUTO GERAL AUTOPECAS LTDA;229258;1281288040;GIA7B06;2 eixos, rodagem simples;2 eixos, rodagem simples;2132631068;01/03/2024;08:33:27;01/01/2000;00:00:00;;01/03/2024;08:35:45;CONCESSIONARIA DE RODOVIAS DO OESTE DE SAO PAULO VIAOESTE S.A;SP 075, 12.5, SUL, ITU - SP;8,6;Debito;Passagem Fora SLA;;;;154;112;;286;1012;false;9f044f9f-9176-4a5c-817e-0d8cdb430493
05437537000137;AUTO GERAL AUTOPECAS LTDA;229258;1281218883;FLL4673;2 eixos, rodagem simples;2 eixos, rodagem simples;1156734683;01/03/2024;07:34:01;01/01/2000;00:00:00;;01/03/2024;07:34:13;RODOVIAS DAS COLINAS S.A;SP 280, 111.3, LESTE, BOITUVA - SP;12,4;Debito;Passagem Dentro SLA;;;;2;16;;24;1013;false;543a6cf1-526e-4b82-bbda-c36055566deb